ID_produit,Nom_produit,Quantite_vendue,Prix_unitaire,Date_vente,Valeur_totale,Montant_total,Montant_total_normalise
1,Chemise,10,25.0,2022-01-05,250.0,250.0,0.13262669828487156
2,Pantalon,8,35.0,2022-01-06,280.0,280.0,0.14854190207905613
4,Cravate,12,15.0,2022-01-08,180.0,180.0,0.09549122276510752
5,Robe,15,45.0,2022-01-09,675.0,675.0,0.3580920853691532
7,Pantalon,8,35.0,2022-01-06,280.0,280.0,0.14854190207905613
9,Lunettes de soleil,10,40.0,2022-01-12,400.0,400.0,0.21220271725579448
11,Chaussures,0,60.0,2022-01-14,0.0,0.0,0.0
12,Montre,25,55.0,2022-01-15,1375.0,1375.0,0.7294468405667935
13,Chemise,10,25.0,2022-01-05,250.0,250.0,0.13262669828487156
14,Pantalon,8,35.0,2022-01-06,280.0,280.0,0.14854190207905613
15,Chaussures,20,50.0,2022-01-07,1000.0,1000.0,0.5305067931394862
16,Cravate,12,15.0,2022-01-08,180.0,180.0,0.09549122276510752
17,Robe,15,45.0,2022-01-09,675.0,675.0,0.3580920853691532
19,Pantalon,8,35.0,2022-01-06,280.0,280.0,0.14854190207905613
21,Lunettes de soleil,10,40.0,2022-01-12,400.0,400.0,0.21220271725579448
23,Chaussures,0,60.0,2022-01-14,0.0,0.0,0.0
24,Montre,25,55.0,2022-01-15,1375.0,1375.0,0.7294468405667935
25,Chemise,10,25.0,2022-01-05,250.0,250.0,0.13262669828487156
26,Pantalon,8,35.0,2022-01-06,280.0,280.0,0.14854190207905613
27,Chaussures,20,50.0,2022-01-07,1000.0,1000.0,0.5305067931394862
28,Cravate,12,15.0,2022-01-08,180.0,180.0,0.09549122276510752
29,Robe,15,45.0,2022-01-09,675.0,675.0,0.3580920853691532
31,Pantalon,8,35.0,2022-01-06,280.0,280.0,0.14854190207905613
33,Lunettes de soleil,10,40.0,2022-01-12,400.0,400.0,0.21220271725579448
35,Chaussures,0,60.0,2022-01-14,0.0,0.0,0.0
36,Montre,25,55.0,2022-01-15,1375.0,1375.0,0.7294468405667935
37,Chemise,10,25.0,2022-01-05,250.0,250.0,0.13262669828487156
38,Pantalon,8,35.0,2022-01-06,280.0,280.0,0.14854190207905613
39,Chaussures,20,50.0,2022-01-07,1000.0,1000.0,0.5305067931394862
40,Cravate,12,15.0,2022-01-08,180.0,180.0,0.09549122276510752
41,Robe,15,45.0,2022-01-09,675.0,675.0,0.3580920853691532
43,Pantalon,8,35.0,2022-01-06,280.0,280.0,0.14854190207905613
45,Lunettes de soleil,10,40.0,2022-01-12,400.0,400.0,0.21220271725579448
47,Chaussures,0,60.0,2022-01-14,0.0,0.0,0.0
48,Montre,25,55.0,2022-01-15,1375.0,1375.0,0.7294468405667935
49,Chemise,10,25.0,2022-01-05,250.0,250.0,0.13262669828487156
50,Pantalon,8,35.0,2022-01-06,280.0,280.0,0.14854190207905613
51,Chaussures,20,50.0,2022-01-07,1000.0,1000.0,0.5305067931394862
52,Cravate,12,15.0,2022-01-08,180.0,180.0,0.09549122276510752
53,Robe,15,45.0,2022-01-09,675.0,675.0,0.3580920853691532
55,Pantalon,8,35.0,2022-01-06,280.0,280.0,0.14854190207905613
57,Lunettes de soleil,10,40.0,2022-01-12,400.0,400.0,0.21220271725579448
59,Chaussures,0,60.0,2022-01-14,0.0,0.0,0.0
60,Montre,25,55.0,2022-01-15,1375.0,1375.0,0.7294468405667935
61,Chemise,10,25.0,2022-01-05,250.0,250.0,0.13262669828487156
62,Pantalon,8,35.0,2022-01-06,280.0,280.0,0.14854190207905613
63,Chaussures,20,50.0,2022-01-07,1000.0,1000.0,0.5305067931394862
64,Cravate,12,15.0,2022-01-08,180.0,180.0,0.09549122276510752
65,Robe,15,45.0,2022-01-09,675.0,675.0,0.3580920853691532
14,Pantalon,12,12.68,2023-06-10,152.16,152.16,0.08072191364410422
80,Pull,12,14.12,18/07/2024,169.44,169.44,0.08988907102955454
82,Cravate,14,30.61,18/11/2023,428.53999999999996,428.53999999999996,0.2273433811319954
64,Pantalon,15,23.76,invalid_date,356.40000000000003,356.40000000000003,0.1890726210749129
65,Cravate,3,58.54,invalid_date,175.62,175.62,0.09316760301115658
44,Chemise,12,62.96,2023-08-09,755.52,755.52,0.4008084923527446
91,Chemise,5,87.37,invalid_date,436.85,436.85,0.23175189258298456
53,Montre,17,70.6,2023-12-13,1200.1999999999998,1200.1999999999998,0.6367142531260113
52,Pull,16,32.38,invalid_date,518.08,518.08,0.27484495938970505
71,Pantalon,2,97.21,2023-08-26,194.42,194.42,0.1031411307221789
25,Robe,5,62.13,invalid_date,310.65000000000003,310.65000000000003,0.1648019352887814
66,Pantalon,17,63.55,26/02/2024,1080.35,1080.35,0.5731330139682439
59,Pantalon,2,55.53,11/01/2025,111.06,111.06,0.05891808444607134
34,Pantalon,17,34.51,invalid_date,586.67,586.67,0.31123242033114235
12,Lunettes de soleil,16,10.32,invalid_date,165.12,165.12,0.08759728168319196
17,Chemise,6,90.9,invalid_date,545.4000000000001,545.4000000000001,0.28933840497827584
86,Cravate,6,44.43,06/10/2024,266.58,266.58,0.14142250091512423
85,Pull,2,70.55,2023-11-15,141.1,141.1,0.0748545085119815
84,Chemise,18,80.06,2023-12-15,1441.08,1441.08,0.7645027294574508
90,Montre,2,92.57,30/04/2025,185.14,185.14,0.09821802768184447
70,Pantalon,3,44.47,invalid_date,133.41,133.41,0.07077491127273886
36,Lunettes de soleil,5,52.33,27/03/2024,261.65,261.65,0.13880710242494657
29,Pantalon,15,77.88,2024-02-27,1168.1999999999998,1168.1999999999998,0.6197380357455476
90,Robe,15,64.53,2024-06-08,967.95,967.95,0.5135040504193658
61,Montre,9,18.37,31/10/2024,165.33,165.33,0.08770868810975126
39,Chemise,14,34.69,invalid_date,485.65999999999997,485.65999999999997,0.25764592915612283
76,Lunettes de soleil,6,64.87,2024-06-13,389.22,389.22,0.20648385402575084
81,Cravate,6,24.14,invalid_date,144.84,144.84,0.07683860391832319
88,Cravate,18,48.26,invalid_date,868.68,868.68,0.46084064106440886
2,Lunettes de soleil,2,51.53,invalid_date,103.06,103.06,0.05467403010095545
62,Montre,5,44.52,2025-04-02,222.60000000000002,222.60000000000002,0.11809081215284964
49,Lunettes de soleil,19,54.58,2025-01-05,1037.02,1037.02,0.55014615462151
81,Montre,17,65.57,invalid_date,1114.6899999999998,1114.6899999999998,0.5913506172446538
88,Robe,20,49.06,invalid_date,981.2,981.2,0.5205332654284639
47,Pantalon,16,33.8,23/09/2024,540.8,540.8,0.2868980737298341
96,Lunettes de soleil,12,89.69,22/11/2023,1076.28,1076.28,0.5709738513201662
17,Cravate,2,62.77,07/08/2024,125.54,125.54,0.0665998228107311
100,Chaussures,16,34.95,2024-08-11,559.2,559.2,0.2966593987236007
70,Robe,16,69.5,2023-11-26,1112.0,1112.0,0.5899235539711086
2,Pull,16,63.0,2024-05-23,1008.0,1008.0,0.5347508474846021
58,Pull,10,50.68,invalid_date,506.8,506.8,0.26886084276309163
88,Montre,2,18.39,invalid_date,36.78,36.78,0.019512039851670302
93,Pull,15,89.5,2023-12-02,1342.5,1342.5,0.7122053697897602
78,Montre,8,77.94,07/02/2025,623.52,623.52,0.33078159565833243
96,Pull,5,16.87,invalid_date,84.35000000000001,84.35000000000001,0.04474824800131567
14,Chaussures,5,64.22,2024-03-28,321.1,321.1,0.17034573127708905
8,Pull,16,68.02,invalid_date,1088.32,1088.32,0.5773611531095656
77,Lunettes de soleil,9,50.48,09/05/2024,454.32,454.32,0.24101984625913137
25,Cravate,20,16.94,invalid_date,338.8,338.8,0.17973570151565793
99,Chemise,13,63.75,2024-12-22,828.75,828.75,0.4396575048143492
24,Chaussures,14,46.98,29/06/2023,657.7199999999999,657.7199999999999,0.34892492798370284
65,Lunettes de soleil,19,82.11,07/07/2024,1560.09,1560.09,0.827638342908981
7,Montre,17,74.03,05/07/2023,1258.51,1258.51,0.6676481042339748
11,Chaussures,6,84.79,2024-06-19,508.74,508.74,0.26989002594178224
50,Pantalon,8,38.68,invalid_date,309.44,309.44,0.16416002206908262
18,Montre,9,91.53,20/11/2023,823.77,823.77,0.43701558098451454
15,Montre,12,66.88,invalid_date,802.56,802.56,0.42576353190202604
21,Chaussures,16,20.92,2025-04-03,334.72,334.72,0.17757123379964884
100,Chaussures,15,48.94,2024-11-18,734.0999999999999,734.0999999999999,0.3894450368436968
67,Chaussures,6,39.04,06/02/2025,234.24,234.24,0.12426591122499325
81,Robe,12,55.23,invalid_date,662.76,662.76,0.3515986822211259
32,Lunettes de soleil,6,71.98,03/04/2025,431.88,431.88,0.2291152738210813
41,Pull,19,78.46,12/04/2025,1490.7399999999998,1490.7399999999998,0.7908476968047575
73,Robe,10,43.15,24/02/2025,431.5,431.5,0.2289136812396883
14,Cravate,5,67.42,2025-02-28,337.1,337.1,0.1788338399673208
53,Pull,14,71.31,2024-08-16,998.34,998.34,0.5296261518628747
42,Robe,13,68.71,invalid_date,893.2299999999999,893.2299999999999,0.4738645828359832
95,Chemise,18,47.61,2024-01-16,856.98,856.98,0.4546337115846769
40,Chemise,8,77.12,2024-04-06,616.96,616.96,0.3273014710953374
55,Pull,14,94.11,14/12/2024,1317.54,1317.54,0.6989639202329987
27,Pantalon,2,50.18,2023-09-22,100.36,100.36,0.05324166175947884
95,Chemise,8,58.58,2024-11-16,468.64,468.64,0.2486167035368888
78,Chemise,17,82.42,09/06/2023,1401.14,1401.14,0.7433142881394598
27,Pull,6,29.06,invalid_date,174.35999999999999,174.35999999999999,0.09249916445180081
16,Montre,18,45.7,invalid_date,822.6,822.6,0.43639488803654136
48,Pull,8,76.71,18/02/2024,613.68,613.68,0.3255614088138399
70,Chemise,11,95.07,2024-02-03,1045.77,1045.77,0.5547880890614805
53,Chaussures,17,16.12,2023-06-12,274.04,274.04,0.14538008159194482
65,Lunettes de soleil,16,19.63,invalid_date,314.08,314.08,0.1666215735892498
71,Montre,2,73.26,24/04/2024,146.52,146.52,0.07772985533079753
56,Pull,11,90.53,2024-09-03,995.83,995.83,0.5282945798120946
50,Pull,8,81.14,invalid_date,649.12,649.12,0.3443625695627033
99,Robe,16,17.38,30/11/2024,278.08,278.08,0.1475233290362283
53,Lunettes de soleil,15,61.48,invalid_date,922.1999999999999,922.1999999999999,0.48923336463323414
57,Pull,9,37.04,18/06/2024,333.36,333.36,0.17684974456097913
64,Chaussures,13,32.74,invalid_date,425.62,425.62,0.22579430129602812
5,Pull,14,19.84,invalid_date,277.76,277.76,0.14735356686242368
48,Lunettes de soleil,9,41.05,06/08/2024,369.45,369.45,0.19599573472538317
14,Robe,8,20.45,01/04/2024,163.6,163.6,0.08679091135761995
76,Lunettes de soleil,8,28.52,invalid_date,228.16,228.16,0.12104042992270517
58,Chemise,17,53.61,26/07/2023,911.37,911.37,0.48348797606353355
79,Lunettes de soleil,4,80.64,2023-10-23,322.56,322.56,0.17112027119507267
51,Robe,14,48.63,invalid_date,680.82,680.82,0.36117963490522503
13,Chemise,5,21.94,invalid_date,109.7,109.7,0.05819659520740164
41,Pull,17,44.44,invalid_date,755.48,755.48,0.40078727208101905
87,Chaussures,2,64.93,12/11/2024,129.86,129.86,0.06889161215709369
55,Pull,16,34.93,2023-12-01,558.88,558.88,0.29648963654979604
50,Pantalon,5,57.55,16/05/2024,287.75,287.75,0.15265332972588716
99,Pantalon,1,11.24,2024-07-29,11.24,11.24,0.005962896354887825
86,Chaussures,3,73.13,17/04/2024,219.39,219.39,0.11638788534687187
21,Robe,15,30.56,2024-12-19,458.4,458.4,0.24318431397514048
10,Pull,3,26.14,04/03/2025,78.42,78.42,0.04160234271799851
48,Montre,20,75.92,2024-06-29,1518.4,1518.4,0.8055215147029959
63,Chemise,19,74.05,2023-07-21,1406.95,1406.95,0.7463965326076002
72,Cravate,2,82.35,2024-04-02,164.7,164.7,0.08737446883007337
36,Robe,9,13.12,invalid_date,118.08,118.08,0.06264224213391054
18,Lunettes de soleil,4,66.77,05/01/2025,267.08,267.08,0.14168775431169398
61,Pull,15,97.66,2024-02-19,1464.8999999999999,1464.8999999999999,0.7771394012700332
85,Cravate,6,78.76,invalid_date,472.56000000000006,472.56000000000006,0.25069629016599565
40,Chaussures,10,15.06,2024-12-12,150.6,150.6,0.07989432304680662
23,Pull,2,62.79,2025-04-18,125.58,125.58,0.06662104308245667
5,Chaussures,12,67.57,30/10/2024,810.8399999999999,810.8399999999999,0.43015612814922094
32,Pantalon,7,74.84,19/05/2024,523.88,523.88,0.277921898789914
22,Lunettes de soleil,4,39.8,26/07/2023,159.2,159.2,0.0844566814678062
34,Montre,9,85.34,2023-11-02,768.0600000000001,768.0600000000001,0.4074610475387138
80,Lunettes de soleil,3,23.34,2024-12-23,70.02,70.02,0.037146085655626826
36,Montre,17,97.52,2024-12-27,1657.84,1657.84,0.8794953819383657
100,Chemise,4,85.33,2023-11-23,341.32,341.32,0.18107257863436943
4,Lunettes de soleil,1,87.14,invalid_date,87.14,87.14,0.04622836195417483
27,Robe,13,87.82,03/03/2024,1141.6599999999999,1141.6599999999999,0.6056583854556258
52,Lunettes de soleil,15,40.89,invalid_date,613.35,613.35,0.3253863415721039
16,Montre,2,52.5,invalid_date,105.0,105.0,0.05570321327964605
63,Pull,13,38.21,2025-01-11,496.73,496.73,0.263518639356177
58,Robe,5,61.87,03/11/2024,309.34999999999997,309.34999999999997,0.16411227645770005
62,Lunettes de soleil,1,75.76,29/01/2025,75.76,75.76,0.040191194648247476
97,Cravate,1,66.4,2024-08-03,66.4,66.4,0.03522565106446189
52,Chemise,5,29.01,invalid_date,145.05,145.05,0.07695001034488248
80,Chemise,12,69.58,2023-05-31,834.96,834.96,0.4429519519997454
90,Chaussures,4,37.1,invalid_date,148.4,148.4,0.07872720810189976
67,Robe,12,47.69,invalid_date,572.28,572.28,0.30359842757786515
93,Pantalon,6,54.8,13/04/2025,328.79999999999995,328.79999999999995,0.17443063358426306
87,Pull,9,18.55,2024-09-11,166.95000000000002,166.95000000000002,0.08856810911463724
59,Cravate,14,78.14,invalid_date,1093.96,1093.96,0.5803532114228723
100,Chaussures,14,75.74,2024-07-26,1060.36,1060.36,0.5625281831733856
27,Robe,14,98.32,invalid_date,1376.48,1376.48,0.73023199062064
49,Chaussures,2,27.99,24/11/2024,55.98,55.98,0.029697770279948438
70,Cravate,15,36.48,invalid_date,547.1999999999999,547.1999999999999,0.2902933172059268
25,Pull,10,25.07,invalid_date,250.7,250.7,0.13299805304006918
27,Lunettes de soleil,13,77.22,2024-12-19,1003.86,1003.86,0.5325545493610047
41,Chemise,8,58.14,invalid_date,465.12,465.12,0.24674931962503782
75,Chemise,14,42.19,22/12/2023,590.66,590.66,0.3133491424357689
46,Chaussures,13,19.0,2024-07-09,247.0,247.0,0.1310351779054531
83,Pantalon,17,90.22,26/12/2024,1533.74,1533.74,0.8136594889097556
94,Pantalon,14,86.46,invalid_date,1210.4399999999998,1210.4399999999998,0.6421466426877596
70,Montre,13,42.92,invalid_date,557.96,557.96,0.29600157030010776
94,Robe,3,45.71,invalid_date,137.13,137.13,0.07274839654321774
31,Chaussures,15,50.16,invalid_date,752.4,752.4,0.3991533111581494
63,Montre,17,55.17,21/09/2024,937.89,937.89,0.49755701621759274
32,Chemise,3,22.13,invalid_date,66.39,66.39,0.03522034599653049
67,Lunettes de soleil,16,25.97,invalid_date,415.52,415.52,0.2204361826853193
65,Pantalon,2,91.18,invalid_date,182.36,182.36,0.09674321879691672
25,Chemise,14,62.02,invalid_date,868.2800000000001,868.2800000000001,0.4606284383471531
71,Chemise,4,82.39,24/07/2023,329.56,329.56,0.1748338187470491
26,Robe,4,65.37,03/04/2024,261.48,261.48,0.13871691627011287
86,Lunettes de soleil,8,56.6,2024-08-25,452.8,452.8,0.24021347593355935
74,Robe,4,54.91,2024-09-18,219.64,219.64,0.11652051204515675
95,Cravate,17,30.63,invalid_date,520.71,520.71,0.2762401922556619
89,Chemise,1,44.15,09/09/2023,44.15,44.15,0.023421874917108315
52,Robe,9,98.13,2024-01-15,883.17,883.17,0.468527684497
3,Lunettes de soleil,3,61.92,29/03/2024,185.76,185.76,0.09854694189359095
60,Robe,11,97.26,invalid_date,1069.8600000000001,1069.8600000000001,0.5675679977082108
7,Chemise,4,35.39,invalid_date,141.56,141.56,0.07509854163682567
57,Chemise,5,11.33,06/06/2024,56.65,56.65,0.030053209831351894
47,Chemise,17,97.59,invalid_date,1659.03,1659.03,0.8801266850222018
8,Chemise,7,73.12,2023-06-19,511.84000000000003,511.84000000000003,0.27153459700051463
17,Chaussures,17,19.63,2023-07-03,333.71,333.71,0.17703542193857794
92,Pantalon,1,69.02,29/12/2024,69.02,69.02,0.036615578862487334
1,Robe,19,87.01,invalid_date,1653.19,1653.19,0.8770285253502672
45,Lunettes de soleil,8,88.28,invalid_date,706.24,706.24,0.37466511758683074
26,Montre,8,60.51,2024-11-28,484.08,484.08,0.25680772842296246
97,Pantalon,3,31.87,23/07/2024,95.61,95.61,0.05072175449206628
62,Chaussures,14,43.89,19/06/2024,614.46,614.46,0.3259752041124887
43,Montre,11,68.72,2024-12-05,755.92,755.92,0.4010206950700004
40,Chaussures,9,69.06,19/08/2024,621.54,621.54,0.32973119220791625
61,Chaussures,4,12.9,03/01/2025,51.6,51.6,0.02737415052599749
53,Cravate,15,78.2,2024-07-17,1173.0,1173.0,0.6222844683526173
67,Lunettes de soleil,19,60.19,2023-11-23,1143.61,1143.61,0.6066928737022478
22,Lunettes de soleil,6,72.1,13/01/2025,432.59999999999997,432.59999999999997,0.22949723871214173
83,Montre,2,26.18,24/06/2023,52.36,52.36,0.0277773356887835
53,Pull,9,50.83,20/12/2024,457.46999999999997,457.46999999999997,0.24269094265752075
12,Robe,7,74.65,2024-05-23,522.5500000000001,522.5500000000001,0.27721632475503855
73,Chaussures,4,26.1,26/01/2025,104.4,104.4,0.055384909203762364
14,Lunettes de soleil,19,70.49,27/04/2024,1339.31,1339.31,0.7105130531196453
49,Pantalon,15,36.35,2025-04-28,545.25,545.25,0.2892588289593049
94,Montre,10,89.53,invalid_date,895.3,895.3,0.474962731897782
38,Cravate,1,51.84,invalid_date,51.84,51.84,0.027501472156350966
68,Robe,15,79.25,invalid_date,1188.75,1188.75,0.6306399503445642
87,Chaussures,4,51.34,2025-05-06,205.36,205.36,0.1089448750391249
40,Chemise,14,40.0,2023-11-14,560.0,560.0,0.29708380415811225
20,Chaussures,6,96.25,2024-09-25,577.5,577.5,0.3063676730380533
4,Montre,18,19.53,2024-11-11,351.54,351.54,0.186494358060255
76,Montre,7,83.98,06/09/2024,587.86,587.86,0.31186372341497837
28,Chaussures,17,78.14,02/11/2024,1328.38,1328.38,0.7047146138706307
49,Lunettes de soleil,11,52.74,invalid_date,580.14,580.14,0.3077682109719415
50,Pull,17,35.96,2023-05-29,611.32,611.32,0.32430941278203074
67,Pantalon,10,32.07,invalid_date,320.7,320.7,0.1701335285598332
80,Chemise,6,21.41,12/08/2023,128.46,128.46,0.0681489026466984
34,Cravate,10,40.86,2024-08-10,408.6,408.6,0.21676507567679407
99,Cravate,15,56.8,04/09/2024,852.0,852.0,0.4519917877548423
71,Chemise,13,11.08,invalid_date,144.04,144.04,0.07641419848381159
80,Pantalon,2,95.54,invalid_date,191.08,191.08,0.10136923803309303
16,Pantalon,17,43.84,2025-01-13,745.2800000000001,745.2800000000001,0.39537610279099633
23,Montre,2,64.93,invalid_date,129.86,129.86,0.06889161215709369
56,Lunettes de soleil,17,58.61,20/09/2024,996.37,996.37,0.5285810534803899
83,Cravate,4,97.08,16/01/2024,388.32,388.32,0.2060063979119253
25,Chaussures,1,74.78,14/08/2024,74.78,74.78,0.03967129799097078
5,Pull,2,46.5,invalid_date,93.0,93.0,0.04933713176197222
86,Montre,18,76.69,2025-04-27,1380.42,1380.42,0.7323221873856096
5,Chaussures,10,52.41,2024-01-30,524.0999999999999,524.0999999999999,0.2780386102844047
90,Chaussures,1,91.42,05/10/2023,91.42,91.42,0.04849893102881183
79,Chaussures,16,83.6,2023-10-24,1337.6,1337.6,0.7096058865033767
16,Chaussures,7,78.78,01/03/2024,551.46,551.46,0.2925532761447011
3,Montre,2,26.15,invalid_date,52.3,52.3,0.027745505281195126
39,Pull,9,27.27,invalid_date,245.43,245.43,0.1302022822402241
47,Cravate,9,34.88,2024-02-09,313.92,313.92,0.1665366925023475
20,Montre,10,70.31,2023-08-19,703.1,703.1,0.3729993262563728
14,Chemise,18,24.22,13/11/2023,435.96,435.96,0.2312797415370904
26,Pull,5,39.35,2024-12-04,196.75,196.75,0.10437721155019392
43,Chaussures,1,35.25,23/03/2024,35.25,35.25,0.01870036445816689
32,Cravate,7,90.26,invalid_date,631.82,631.82,0.33518480204139023
1,Lunettes de soleil,19,99.21,11/12/2023,1884.9899999999998,1884.9899999999998,1.0
68,Lunettes de soleil,10,50.72,2024-08-18,507.2,507.2,0.2690730454803474
97,Robe,14,80.89,invalid_date,1132.46,1132.46,0.6007777229587425
20,Cravate,10,36.39,19/06/2023,363.9,363.9,0.193051422023459
45,Lunettes de soleil,9,36.24,2024-01-13,326.16,326.16,0.17303009565037483
46,Robe,9,65.68,invalid_date,591.1200000000001,591.1200000000001,0.31359317556061317
69,Robe,4,85.54,2024-03-05,342.16,342.16,0.18151820434060661
48,Montre,11,58.03,2024-08-20,638.33,638.33,0.3386384012647283
16,Pull,10,86.08,invalid_date,860.8,860.8,0.4566602475344697
8,Chaussures,7,42.16,27/08/2024,295.12,295.12,0.15656316479132518
82,Pantalon,10,78.82,invalid_date,788.1999999999999,788.1999999999999,0.418145454352543
100,Montre,8,19.22,invalid_date,153.76,153.76,0.0815707245131274
29,Cravate,16,47.56,2025-02-24,760.96,760.96,0.40369444930742343
9,Robe,13,80.41,invalid_date,1045.33,1045.33,0.554554666072499
45,Pull,4,55.44,2023-12-23,221.76,221.76,0.11764518644661245
75,Chemise,11,96.78,invalid_date,1064.58,1064.58,0.5647669218404342
89,Pantalon,15,15.82,04/10/2023,237.3,237.3,0.1258892620120001
64,Cravate,12,12.68,2023-08-18,152.16,152.16,0.08072191364410422
11,Pantalon,17,40.38,invalid_date,686.46,686.46,0.3641716932185317
74,Pantalon,16,72.18,13/08/2023,1154.88,1154.88,0.6126716852609299
64,Pantalon,17,35.86,30/04/2024,609.62,609.62,0.3234075512336936
74,Lunettes de soleil,16,74.59,invalid_date,1193.44,1193.44,0.6331280272043884
88,Cravate,8,23.5,2024-08-28,188.0,188.0,0.09973527711022341
86,Pantalon,8,31.24,invalid_date,249.92,249.92,0.13258425774142038
86,Robe,10,31.43,08/10/2024,314.3,314.3,0.16673828508374053
43,Lunettes de soleil,16,94.2,2025-04-02,1507.2,1507.2,0.7995798386198336
3,Chemise,17,72.16,15/11/2023,1226.72,1226.72,0.6507832932800706
89,Chemise,15,66.71,2023-12-05,1000.6499999999999,1000.6499999999999,0.5308516225550268
64,Pantalon,17,21.13,2024-10-13,359.21,359.21,0.19056334516363482
13,Pull,1,45.48,27/07/2024,45.48,45.48,0.02412744895198383
78,Chaussures,7,84.88,09/09/2024,594.16,594.16,0.3152059162117571
87,Cravate,13,93.76,12/05/2025,1218.88,1218.88,0.646624120021857
87,Lunettes de soleil,16,21.26,2024-10-13,340.16,340.16,0.18045719075432765
15,Chemise,14,87.31,09/09/2023,1222.3400000000001,1222.3400000000001,0.6484596735261197
27,Robe,14,70.04,2023-09-19,980.5600000000001,980.5600000000001,0.5201937410808546
7,Montre,16,97.72,invalid_date,1563.52,1563.52,0.8294579812094495
83,Pull,7,21.07,18/08/2023,147.49,147.49,0.07824444692014283
8,Lunettes de soleil,15,91.23,invalid_date,1368.45,1368.45,0.72597202107173
81,Pull,3,50.39,31/01/2024,151.17000000000002,151.17000000000002,0.08019671191889614
92,Chaussures,14,19.47,22/12/2024,272.58,272.58,0.14460554167396114
72,Pantalon,4,96.16,10/04/2024,384.64,384.64,0.20405413291317198
82,Cravate,18,34.22,2024-04-24,615.96,615.96,0.32677096430219793
89,Chaussures,13,64.79,2024-07-07,842.2700000000001,842.2700000000001,0.4468299566575951
36,Montre,4,69.39,2023-09-12,277.56,277.56,0.1472474655037958
76,Chaussures,15,33.37,invalid_date,500.54999999999995,500.54999999999995,0.2655451753059698
51,Cravate,7,99.12,invalid_date,693.84,693.84,0.3680868333519011
16,Pantalon,19,43.97,2025-04-06,835.43,835.43,0.4432012901925209
2,Pantalon,12,91.39,invalid_date,1096.68,1096.68,0.5817961899002118
44,Robe,8,56.59,2024-08-23,452.72,452.72,0.2401710353901082
31,Chemise,9,97.89,2024-02-19,881.01,881.01,0.4673817898238187
6,Montre,5,67.49,05/07/2023,337.45,337.45,0.1790195173449196
52,Chaussures,16,42.65,20/07/2023,682.4,682.4,0.36201783563838535
23,Pull,17,26.07,2024-09-10,443.19,443.19,0.2351153056514889
34,Pantalon,1,44.1,15/03/2024,44.1,44.1,0.023395349577451343
80,Lunettes de soleil,17,20.66,2024-07-25,351.22,351.22,0.18632459588645037
52,Chemise,10,87.89,2024-04-27,878.9,878.9,0.4662624204902944
57,Montre,17,43.72,03/05/2025,743.24,743.24,0.39429386893299173
90,Robe,8,47.35,invalid_date,378.8,378.8,0.20095597324123737
94,Lunettes de soleil,9,72.87,16/08/2024,655.83,655.83,0.34792227014466925
10,Chemise,13,49.66,2024-03-09,645.5799999999999,645.5799999999999,0.34248457551498945
92,Chemise,18,49.79,invalid_date,896.22,896.22,0.4754507981474703
99,Lunettes de soleil,15,43.72,2024-10-23,655.8,655.8,0.347906354940875
12,Chemise,9,40.34,invalid_date,363.06000000000006,363.06000000000006,0.19260579631722188
86,Pantalon,5,81.72,invalid_date,408.6,408.6,0.21676507567679407
25,Chemise,13,94.44,2024-07-03,1227.72,1227.72,0.65131380007321
76,Pantalon,8,99.32,25/04/2024,794.56,794.56,0.42151947755691016
19,Robe,5,11.11,invalid_date,55.55,55.55,0.02946965235889846
92,Lunettes de soleil,8,56.67,19/01/2025,453.36,453.36,0.24051055973771748
56,Chaussures,4,73.36,28/02/2025,293.44,293.44,0.15567191337885083
24,Pantalon,9,26.71,invalid_date,240.39000000000001,240.39000000000001,0.1275285280028011
58,Pantalon,10,31.9,invalid_date,319.0,319.0,0.1692316670114961
76,Cravate,15,61.56,23/06/2024,923.4000000000001,923.4000000000001,0.4898699727850016
99,Pull,16,56.78,2024-04-25,908.48,908.48,0.48195481143136043
92,Cravate,17,73.04,2024-04-08,1241.68,1241.68,0.6587196749054373
62,Robe,18,29.63,invalid_date,533.34,533.34,0.2829404930530136
84,Chemise,7,71.05,06/08/2023,497.34999999999997,497.34999999999997,0.26384755356792344
74,Chaussures,2,74.24,31/12/2024,148.48,148.48,0.07876964864535091
16,Chemise,3,68.74,invalid_date,206.21999999999997,206.21999999999997,0.10940111088122483
22,Lunettes de soleil,19,32.35,invalid_date,614.65,614.65,0.3260760004031852
69,Cravate,14,31.34,2024-07-21,438.76,438.76,0.23276516055788096
36,Chemise,2,44.08,2025-01-27,88.16,88.16,0.046769478883177104
74,Robe,11,90.69,01/03/2025,997.5899999999999,997.5899999999999,0.52922827176802
12,Pantalon,2,95.04,invalid_date,190.08,190.08,0.10083873123995354
87,Chaussures,10,46.49,invalid_date,464.90000000000003,464.90000000000003,0.24663260813054716
15,Pull,18,84.86,01/07/2024,1527.48,1527.48,0.8103385163847024
59,Pull,6,10.46,21/01/2025,62.760000000000005,62.760000000000005,0.033294606337434154
17,Chaussures,7,79.06,2024-02-13,553.4200000000001,553.4200000000001,0.2935930694592545
63,Pantalon,15,65.59,2024-09-20,983.85,983.85,0.5219391084302836
61,Pantalon,14,26.98,2024-12-13,377.72,377.72,0.20038302590464674
54,Cravate,7,26.36,2023-10-04,184.51999999999998,184.51999999999998,0.09788911347009799
14,Chaussures,13,13.69,2023-09-03,177.97,177.97,0.09441429397503436
93,Montre,19,58.02,2024-05-11,1102.38,1102.38,0.5848200786211069
58,Pantalon,18,53.45,2023-06-25,962.1,962.1,0.5104005856794998
77,Robe,14,36.07,invalid_date,504.98,504.98,0.26789532039957775
16,Chaussures,5,36.27,04/12/2023,181.35000000000002,181.35000000000002,0.09620740693584584
18,Robe,17,67.82,2023-06-19,1152.9399999999998,1152.9399999999998,0.6116425020822391
33,Cravate,16,39.18,invalid_date,626.88,626.88,0.3325640984832811
19,Montre,2,51.35,2025-01-31,102.7,102.7,0.054483047655425235
73,Montre,18,68.28,11/04/2025,1229.04,1229.04,0.6520140690401541
21,Chaussures,16,16.25,19/12/2024,260.0,260.0,0.1379317662162664
98,Chemise,3,34.09,2023-10-14,102.27000000000001,102.27000000000001,0.05425492973437526
89,Robe,12,11.91,2025-01-30,142.92000000000002,142.92000000000002,0.07582003087549538
10,Pull,3,90.6,2024-04-20,271.79999999999995,271.79999999999995,0.14419174637531232
92,Pantalon,16,80.0,09/08/2023,1280.0,1280.0,0.6790486952185424
74,Cravate,14,42.55,2024-11-07,595.6999999999999,595.6999999999999,0.3160228966731919
27,Cravate,2,20.55,29/04/2025,41.1,41.1,0.021803829198032885
83,Chemise,6,15.4,invalid_date,92.4,92.4,0.04901882768608853
31,Robe,4,15.88,26/04/2024,63.52,63.52,0.03369779150022017
25,Cravate,13,31.63,invalid_date,411.19,411.19,0.21813908827102532
97,Lunettes de soleil,14,73.24,27/02/2024,1025.36,1025.36,0.5439604454135035
76,Chemise,6,71.41,invalid_date,428.46,428.46,0.22730094058854425
12,Cravate,17,79.19,invalid_date,1346.23,1346.23,0.7141841601281705
58,Robe,17,65.86,invalid_date,1119.62,1119.62,0.5939660157348315
32,Chemise,3,36.16,invalid_date,108.47999999999999,108.47999999999999,0.05754937691977146
47,Lunettes de soleil,19,14.87,invalid_date,282.53,282.53,0.14988408426569902
55,Robe,5,17.52,11/11/2024,87.6,87.6,0.04647239507901899
53,Robe,10,98.94,invalid_date,989.4,989.4,0.5248834211322077
58,Pantalon,1,47.82,invalid_date,47.82,47.82,0.02536883484793023
49,Cravate,7,97.46,21/10/2024,682.2199999999999,682.2199999999999,0.3619223444156202
37,Pantalon,19,18.07,invalid_date,343.33,343.33,0.1821388972885798
53,Pantalon,10,67.02,invalid_date,670.1999999999999,670.1999999999999,0.3555456527620836
23,Lunettes de soleil,18,49.37,invalid_date,888.66,888.66,0.4714401667913358
21,Pull,4,12.31,invalid_date,49.24,49.24,0.026122154494188303
99,Chaussures,1,61.46,invalid_date,61.46,61.46,0.03260494750635282
11,Chaussures,12,19.98,2024-09-08,239.76,239.76,0.1271943087231232
24,Robe,1,69.37,2024-05-27,69.37,69.37,0.036801256240086164
28,Chemise,7,17.51,18/07/2023,122.57000000000001,122.57000000000001,0.06502421763510682
37,Cravate,11,60.49,invalid_date,665.39,665.39,0.3529939150870827
52,Chemise,18,40.37,2023-09-24,726.66,726.66,0.38549806630273903
39,Montre,10,85.88,2025-05-21,858.8,858.8,0.45559923394819074
72,Cravate,13,72.55,15/06/2024,943.15,943.15,0.5003474819495064
59,Chaussures,17,92.27,01/10/2023,1568.59,1568.59,0.8321476506506666
50,Montre,17,80.2,2024-10-14,1363.4,1363.4,0.7232929617663756
78,Montre,10,71.3,2023-06-26,713.0,713.0,0.3782513435084537
29,Pantalon,2,61.77,2025-01-09,123.54,123.54,0.06553880922445213
88,Robe,16,77.95,2024-10-01,1247.2,1247.2,0.6616480724035673
45,Robe,3,54.9,10/02/2024,164.7,164.7,0.08737446883007337
92,Robe,3,48.88,26/03/2024,146.64000000000001,146.64000000000001,0.07779351614597427
56,Pull,16,71.5,12/08/2023,1144.0,1144.0,0.6068997713515722
98,Montre,16,14.92,10/09/2024,238.72,238.72,0.12664258165825815
80,Cravate,3,23.77,invalid_date,71.31,71.31,0.037830439418776764
34,Montre,17,48.91,2025-01-03,831.4699999999999,831.4699999999999,0.44110048329168855
98,Cravate,19,19.49,invalid_date,370.30999999999995,370.30999999999995,0.19645197056748312
50,Lunettes de soleil,18,65.07,2024-10-25,1171.2599999999998,1171.2599999999998,0.6213613865325545
68,Cravate,2,66.62,2023-09-03,133.24,133.24,0.07068472511790515
50,Pull,2,97.13,invalid_date,194.26,194.26,0.10305624963527658
8,Cravate,10,41.13,04/01/2025,411.3,411.3,0.21819744401827068
39,Cravate,1,12.37,invalid_date,12.37,12.37,0.006562369031135444
78,Lunettes de soleil,14,59.72,29/08/2023,836.0799999999999,836.0799999999999,0.4435461196080616
8,Cravate,5,30.44,2024-02-09,152.20000000000002,152.20000000000002,0.08074313391582981
37,Chemise,7,99.83,invalid_date,698.81,698.81,0.3707234521138043
51,Montre,13,16.87,31/08/2024,219.31,219.31,0.11634544480342073
11,Cravate,18,37.44,2023-09-05,673.92,673.92,0.3575191380325625
30,Chaussures,3,30.94,2024-08-01,92.82000000000001,92.82000000000001,0.04924164053920711
88,Montre,12,59.81,2024-05-24,717.72,717.72,0.3807553355720721
6,Robe,18,19.56,29/03/2025,352.08,352.08,0.18678083172855028
93,Chaussures,8,95.97,invalid_date,767.76,767.76,0.40730189550077195
65,Lunettes de soleil,11,86.28,invalid_date,949.08,949.08,0.5034933872328236
53,Lunettes de soleil,10,61.84,2024-09-21,618.4000000000001,618.4000000000001,0.32806540087745834
42,Lunettes de soleil,7,95.82,invalid_date,670.74,670.74,0.355832126430379
86,Robe,3,59.69,2024-05-22,179.07,179.07,0.09499785144748779
77,Chemise,19,10.6,13/12/2024,201.4,201.4,0.10684406813829253
13,Pull,4,95.43,2024-07-03,381.72,381.72,0.2025050530772047
12,Cravate,1,54.16,invalid_date,54.16,54.16,0.028732247916434573
45,Montre,11,89.01,10/01/2025,979.11,979.11,0.5194245062308024
94,Cravate,18,86.09,invalid_date,1549.6200000000001,1549.6200000000001,0.8220839367848107
92,Pantalon,9,45.76,04/02/2025,411.84,411.84,0.218483917686566
55,Pantalon,8,24.59,2024-05-28,196.72,196.72,0.10436129634639972
78,Robe,10,94.26,2023-09-05,942.6,942.6,0.5000557032132797
13,Chemise,12,16.01,30/06/2023,192.12,192.12,0.10192096509795809
79,Montre,5,80.5,2024-04-07,402.5,402.5,0.2135289842386432
72,Cravate,8,93.99,2025-04-03,751.92,751.92,0.39889866789744244
48,Robe,10,64.61,invalid_date,646.1,646.1,0.34276043904742204
83,Pantalon,1,65.16,invalid_date,65.16,65.16,0.03456782264096892
95,Chaussures,17,17.45,2025-01-08,296.65,296.65,0.15737484018482858
25,Chaussures,14,25.53,18/05/2025,357.42,357.42,0.18961373800391518
60,Pantalon,3,26.43,2024-04-10,79.28999999999999,79.28999999999999,0.04206388362802986
11,Cravate,6,77.27,05/05/2025,463.62,463.62,0.2459535594353286
42,Pull,11,39.01,invalid_date,429.10999999999996,429.10999999999996,0.2276457700040849
85,Chaussures,4,37.12,2023-12-19,148.48,148.48,0.07876964864535091
87,Lunettes de soleil,12,41.22,2024-11-30,494.64,494.64,0.26240988015851546
77,Lunettes de soleil,18,22.43,2024-02-07,403.74,403.74,0.21418681266213616
21,Lunettes de soleil,14,51.84,05/10/2023,725.76,725.76,0.3850206101889135
10,Pull,8,64.84,15/12/2023,518.72,518.72,0.2751844837373143
25,Robe,19,72.48,30/05/2023,1377.1200000000001,1377.1200000000001,0.7305715149682493
78,Pantalon,2,29.02,invalid_date,58.04,58.04,0.03079061427381578
58,Chaussures,18,46.0,invalid_date,828.0,828.0,0.4392596247194946
53,Cravate,13,22.47,invalid_date,292.11,292.11,0.15496633934397533
66,Cravate,17,51.2,2025-04-29,870.4000000000001,870.4000000000001,0.46175311274860886
85,Pull,3,81.6,18/11/2024,244.79999999999998,244.79999999999998,0.1298680629605462
47,Lunettes de soleil,10,97.52,invalid_date,975.1999999999999,975.1999999999999,0.5173502246696269
29,Robe,4,35.05,invalid_date,140.2,140.2,0.07437705239815597
26,Pull,10,85.6,invalid_date,856.0,856.0,0.4541138149274002
9,Robe,11,97.34,21/06/2024,1070.74,1070.74,0.5680348436861735
73,Cravate,5,72.07,2024-05-02,360.34999999999997,360.34999999999997,0.19116812290781385
25,Pantalon,18,57.03,2023-09-01,1026.54,1026.54,0.5445864434294082
36,Robe,12,97.95,14/02/2025,1175.4,1175.4,0.6235576846561521
82,Chaussures,4,78.66,26/06/2023,314.64,314.64,0.16691865739340794
27,Chaussures,7,78.98,2024-11-16,552.86,552.86,0.29329598565509635
80,Montre,17,16.7,08/12/2024,283.9,283.9,0.15061087857230013
68,Robe,14,79.49,invalid_date,1112.86,1112.86,0.5903797898132086
74,Pull,13,60.88,invalid_date,791.44,791.44,0.419864296362315
99,Chaussures,4,19.08,2024-07-17,76.32,76.32,0.04048827845240558
99,Lunettes de soleil,12,18.36,invalid_date,220.32,220.32,0.1168812566644916
65,Pull,10,95.04,2023-08-17,950.4000000000001,950.4000000000001,0.5041936561997677
54,Chaussures,4,76.78,13/07/2023,307.12,307.12,0.16292924630899902
95,Chaussures,18,58.55,2024-08-28,1053.8999999999999,1053.8999999999999,0.5591011092897045
13,Chemise,7,18.29,2024-11-18,128.03,128.03,0.06792078472564841
86,Pantalon,10,21.32,2024-03-29,213.2,213.2,0.11310404829733846
11,Chaussures,8,22.75,2023-11-22,182.0,182.0,0.09655223635138649
26,Pull,11,60.66,invalid_date,667.26,667.26,0.35398596279025357
47,Cravate,14,43.7,invalid_date,611.8000000000001,611.8000000000001,0.3245640560427377
19,Montre,16,45.21,invalid_date,723.36,723.36,0.38374739388537876
54,Lunettes de soleil,12,85.09,2023-10-05,1021.08,1021.08,0.5416898763388666
36,Chaussures,18,75.34,2024-10-30,1356.1200000000001,1356.1200000000001,0.7194308723123201
83,Pantalon,11,97.01,11/03/2025,1067.1100000000001,1067.1100000000001,0.5661091040270771
40,Robe,15,45.82,2024-10-05,687.3,687.3,0.36461731892476884
73,Pantalon,7,49.83,2023-08-01,348.81,348.81,0.1850460745149842
41,Pull,2,38.95,invalid_date,77.9,77.9,0.04132647918556598
30,Pull,14,51.88,20/08/2024,726.32,726.32,0.38531769399307164
26,Cravate,7,40.57,invalid_date,283.99,283.99,0.1506586241836827
33,Chemise,17,98.38,invalid_date,1672.46,1672.46,0.8872513912540652
69,Cravate,19,88.49,invalid_date,1681.31,1681.31,0.8919463763733495
48,Chemise,18,51.15,2024-07-31,920.6999999999999,920.6999999999999,0.4884376044435249
92,Pull,2,54.57,2023-11-09,109.14,109.14,0.05789951140324352
49,Cravate,18,93.19,2023-09-12,1677.42,1677.42,0.889882704948037
62,Pantalon,3,84.98,2024-10-11,254.94,254.94,0.13524740184298062
45,Montre,4,45.22,16/12/2024,180.88,180.88,0.09595806874307027
41,Chemise,3,46.89,invalid_date,140.67000000000002,140.67000000000002,0.07462639059093154
16,Cravate,15,60.73,2024-06-04,910.9499999999999,910.9499999999999,0.4832651632104149
100,Lunettes de soleil,2,40.39,invalid_date,80.78,80.78,0.042854338749807694
73,Chaussures,6,67.71,2023-11-07,406.26,406.26,0.21552368978084765
79,Chemise,13,17.72,2023-07-07,230.35999999999999,230.35999999999999,0.12220754486761204
44,Chaussures,6,82.21,2025-04-29,493.26,493.26,0.26167778078398296
36,Cravate,19,91.83,2023-06-03,1744.77,1744.77,0.9256123374659814
89,Pull,18,50.26,31/05/2023,904.68,904.68,0.47993888561743037
86,Pull,17,89.78,2023-06-03,1526.26,1526.26,0.8096912980970722
18,Robe,13,19.99,invalid_date,259.87,259.87,0.1378628003331583
36,Chemise,10,14.68,invalid_date,146.8,146.8,0.07787839723287658
41,Pantalon,1,82.56,2023-10-18,82.56,82.56,0.04379864084159598
10,Chaussures,8,61.47,2024-07-03,491.76,491.76,0.26088202059427373
16,Chemise,14,92.62,2024-03-25,1296.68,1296.68,0.687897548528109
12,Pantalon,1,28.92,01/04/2024,28.92,28.92,0.015342256457593942
91,Chaussures,9,49.83,2023-11-26,448.46999999999997,448.46999999999997,0.23791638151926536
23,Cravate,6,73.0,2023-11-13,438.0,438.0,0.23236197539509496
1,Robe,6,15.82,18/03/2025,94.92,94.92,0.05035570480480003
41,Lunettes de soleil,19,45.95,02/10/2023,873.0500000000001,873.0500000000001,0.4631589557504285
85,Chaussures,3,29.53,13/06/2024,88.59,88.59,0.04699759680422708
56,Chaussures,10,41.8,2024-02-03,418.0,418.0,0.22175183953230523
81,Cravate,14,83.2,25/05/2024,1164.8,1164.8,0.6179343126488736
19,Pull,17,52.64,invalid_date,894.88,894.88,0.4747399190446634
63,Pull,12,84.17,invalid_date,1010.04,1010.04,0.5358330813426067
78,Pantalon,6,76.19,invalid_date,457.14,457.14,0.24251587541578473
26,Montre,6,39.05,2024-11-25,234.29999999999998,234.29999999999998,0.12429774163258162
37,Pull,11,89.49,invalid_date,984.39,984.39,0.5222255820985788
92,Chaussures,10,22.59,invalid_date,225.9,225.9,0.11984148457020993
15,Robe,5,68.03,2024-02-03,340.15,340.15,0.18045188568639622
83,Cravate,10,29.71,2024-12-28,297.1,297.1,0.15761356824174136
4,Lunettes de soleil,11,28.01,2024-11-07,308.11,308.11,0.1634544480342071
77,Robe,16,16.99,2023-12-20,271.84,271.84,0.14421296664703792
44,Chaussures,17,97.95,invalid_date,1665.15,1665.15,0.8833733865962156
51,Pantalon,16,99.15,invalid_date,1586.4,1586.4,0.841595976636481
82,Montre,4,74.46,04/05/2024,297.84,297.84,0.15800614326866455
27,Pantalon,19,12.12,02/04/2024,230.27999999999997,230.27999999999997,0.12216510432416088
63,Pantalon,10,17.47,03/01/2024,174.7,174.7,0.09267953676146823
36,Lunettes de soleil,16,32.79,invalid_date,524.64,524.64,0.27832508395270006
38,Pull,9,97.17,2024-06-29,874.53,874.53,0.46394410580427486
92,Montre,16,19.14,2023-12-16,306.24,306.24,0.16246240033103626
91,Pull,13,47.68,10/07/2023,619.84,619.84,0.32882933065957914
52,Cravate,18,20.89,2023-12-22,376.02,376.02,0.1994811643563096
34,Montre,2,62.39,invalid_date,124.78,124.78,0.06619663764794509
68,Chemise,6,38.76,10/06/2024,232.56,232.56,0.12337465981251891
50,Pantalon,3,87.21,2023-10-20,261.63,261.63,0.13879649228908378
77,Robe,10,48.95,04/02/2025,489.5,489.5,0.2596830752417785
9,Pantalon,14,79.56,01/02/2024,1113.8400000000001,1113.8400000000001,0.5908996864704854
61,Montre,8,52.24,invalid_date,417.92,417.92,0.22170939898885408
18,Chaussures,3,13.69,25/12/2023,41.07,41.07,0.021787913994238697
7,Cravate,2,18.31,14/10/2024,36.62,36.62,0.019427158764767985
24,Cravate,8,56.85,2024-04-14,454.8,454.8,0.24127448951983835
22,Cravate,1,64.24,2024-05-04,64.24,64.24,0.034079756391280594
98,Pull,14,58.03,2024-03-28,812.4200000000001,812.4200000000001,0.43099432888238143
65,Chemise,8,14.35,2025-05-05,114.8,114.8,0.060902179852413016
91,Pantalon,14,67.61,2024-07-17,946.54,946.54,0.5021458999782492
26,Chemise,5,50.49,invalid_date,252.45000000000002,252.45000000000002,0.1339264399280633
17,Lunettes de soleil,19,95.3,05/10/2024,1810.7,1810.7,0.9605886503376677
46,Pull,4,11.0,2024-10-29,44.0,44.0,0.023342298898137392
98,Chemise,13,99.88,06/08/2023,1298.44,1298.44,0.6888312404840345
18,Cravate,8,47.58,28/07/2024,380.64,380.64,0.20193210574061402
71,Robe,19,10.05,2024-08-14,190.95000000000002,190.95000000000002,0.1013002721499849
5,Robe,14,29.72,invalid_date,416.08,416.08,0.22073326648947741
19,Cravate,17,89.27,10/06/2023,1517.59,1517.59,0.8050918042005528
28,Lunettes de soleil,9,35.78,16/02/2024,322.02,322.02,0.17083379752677735
21,Pull,12,19.06,invalid_date,228.71999999999997,228.71999999999997,0.12133751372686327
13,Chemise,19,98.94,2024-05-25,1879.86,1879.86,0.9972785001511945
34,Chaussures,13,54.68,invalid_date,710.84,710.84,0.3771054488352724
65,Robe,15,54.7,invalid_date,820.5,820.5,0.43528082377094846
20,Pantalon,17,95.82,12/08/2024,1628.9399999999998,1628.9399999999998,0.8641637356166346
3,Pantalon,19,23.12,invalid_date,439.28000000000003,439.28000000000003,0.23304102409031352
4,Robe,7,88.26,20/11/2024,617.82,617.82,0.3277577069374374
95,Chemise,3,95.41,2024-01-20,286.23,286.23,0.15184695940031515
21,Cravate,2,26.66,invalid_date,53.32,53.32,0.028286622210197405
3,Montre,5,25.24,10/11/2024,126.19999999999999,126.19999999999999,0.06694995729420315
1,Robe,12,54.34,2023-09-08,652.08,652.08,0.3459328696703962
75,Pantalon,19,21.92,2024-06-03,416.48,416.48,0.22094546920673322
15,Chemise,13,84.7,04/10/2024,1101.1000000000001,1101.1000000000001,0.5841410299258883
14,Pull,4,23.23,03/10/2023,92.92,92.92,0.04929469121852106
19,Cravate,8,88.3,01/01/2024,706.4,706.4,0.37474999867373304
50,Robe,4,49.43,2024-02-24,197.72,197.72,0.10489180313953922
32,Chaussures,12,23.42,10/10/2024,281.04,281.04,0.1490936291439212
99,Lunettes de soleil,11,53.29,2024-06-09,586.1899999999999,586.1899999999999,0.3109777770704354
43,Montre,5,72.08,invalid_date,360.4,360.4,0.19119464824747082
36,Montre,18,40.67,invalid_date,732.0600000000001,732.0600000000001,0.3883628029856923
95,Pantalon,19,70.06,2024-12-18,1331.14,1331.14,0.7061788126196957
21,Cravate,15,27.63,2025-01-05,414.45,414.45,0.21986854041666004
89,Pantalon,16,52.64,2023-08-18,842.24,842.24,0.4468140414538009
92,Pull,17,84.59,18/02/2025,1438.03,1438.03,0.7628846837383754
75,Pantalon,16,91.07,invalid_date,1457.12,1457.12,0.7730120584194081
67,Chaussures,11,81.9,2023-08-09,900.9000000000001,900.9000000000001,0.4779335699393632
66,Pantalon,5,40.52,10/10/2024,202.60000000000002,202.60000000000002,0.10748067629005992
4,Chemise,15,79.78,invalid_date,1196.7,1196.7,0.6348574793500231
4,Pantalon,7,17.44,14/02/2025,122.08000000000001,122.08000000000001,0.06476426930646849
6,Chemise,12,46.61,11/09/2024,559.3199999999999,559.3199999999999,0.29672305953877737
78,Montre,12,79.51,2023-09-07,954.1200000000001,954.1200000000001,0.5061671414702467
98,Cravate,11,45.97,2024-02-18,505.66999999999996,505.66999999999996,0.268261370086844
46,Pull,15,26.79,invalid_date,401.84999999999997,401.84999999999997,0.21318415482310252
87,Pull,7,36.44,invalid_date,255.07999999999998,255.07999999999998,0.13532167279402013
74,Chemise,15,43.15,03/08/2023,647.25,647.25,0.34337052185953243
60,Pantalon,11,31.7,invalid_date,348.7,348.7,0.18498771876773884
67,Lunettes de soleil,18,84.66,04/04/2025,1523.8799999999999,1523.8799999999999,0.8084286919294001
89,Pantalon,3,48.39,2024-03-29,145.17000000000002,145.17000000000002,0.07701367116005922
44,Robe,5,46.67,2025-01-12,233.35000000000002,233.35000000000002,0.12379376017909911
89,Chemise,12,55.67,12/05/2024,668.04,668.04,0.35439975808890234
80,Cravate,19,19.75,07/11/2023,375.25,375.25,0.1990726741255922
98,Lunettes de soleil,19,67.77,invalid_date,1287.6299999999999,1287.6299999999999,0.6830964620501966
28,Robe,11,56.8,28/12/2023,624.8,624.8,0.33146064435355094
86,Pull,13,69.15,20/07/2024,898.95,898.95,0.47689908169274114
35,Chemise,17,53.06,2023-08-07,902.02,902.02,0.47852773754767935
98,Lunettes de soleil,10,17.31,invalid_date,173.1,173.1,0.09183072589244506
43,Chemise,1,43.77,invalid_date,43.77,43.77,0.02322028233571531
45,Lunettes de soleil,3,51.78,2023-08-02,155.34,155.34,0.08240892524628779
87,Pantalon,2,10.04,2024-02-25,20.08,20.08,0.010652576406240882
74,Pull,8,29.64,invalid_date,237.12,237.12,0.12579377078923498
70,Robe,6,75.34,invalid_date,452.04,452.04,0.23981029077077337
56,Robe,6,31.29,invalid_date,187.74,187.74,0.09959734534400715
64,Chaussures,18,11.26,invalid_date,202.68,202.68,0.10752311683351107
12,Montre,18,19.21,12/10/2024,345.78000000000003,345.78000000000003,0.18343863893177156
90,Lunettes de soleil,8,50.82,13/11/2023,406.56,406.56,0.21568284181878952
64,Cravate,18,87.41,31/10/2024,1573.3799999999999,1573.3799999999999,0.8346887781898048
98,Chemise,8,17.59,2024-05-01,140.72,140.72,0.0746529159305885
88,Robe,8,75.92,2023-08-23,607.36,607.36,0.3222086058811984
17,Chemise,17,95.63,invalid_date,1625.71,1625.71,0.8624501986747941
64,Chaussures,16,38.81,31/03/2025,620.96,620.96,0.32942349826789535
59,Chemise,1,25.11,invalid_date,25.11,25.11,0.013321025575732498
29,Cravate,11,40.62,20/09/2024,446.82,446.82,0.23704104531058523
44,Lunettes de soleil,4,46.33,invalid_date,185.32,185.32,0.09831351890460958
80,Pantalon,17,93.37,26/12/2024,1587.29,1587.29,0.842068127682375
31,Robe,16,85.47,15/03/2024,1367.52,1367.52,0.7254786497541101
3,Robe,19,72.74,03/10/2024,1382.06,1382.06,0.7331922185263583
79,Robe,4,37.41,2025-04-01,149.64,149.64,0.07938503652539271
89,Lunettes de soleil,19,22.25,2023-10-28,422.75,422.75,0.22427174679971779
9,Cravate,16,73.68,invalid_date,1178.88,1178.88,0.6254038482962776
18,Cravate,16,28.02,invalid_date,448.32,448.32,0.23783680550029446
1,Robe,12,43.94,2024-08-25,527.28,527.28,0.2797256218865883
57,Pantalon,13,15.7,2024-02-29,204.1,204.1,0.10827643647976913
57,Cravate,18,96.1,03/10/2023,1729.8,1729.8,0.9176706507726832
24,Chaussures,3,76.69,2025-01-03,230.07,230.07,0.12205369789760159
94,Lunettes de soleil,16,67.63,invalid_date,1082.08,1082.08,0.5740507907203752
24,Chaussures,9,14.99,invalid_date,134.91,134.91,0.07157067146244808
91,Pull,3,21.76,invalid_date,65.28,65.28,0.03463148345614566
21,Cravate,17,12.06,invalid_date,205.02,205.02,0.10876450272945747
26,Montre,6,15.1,2025-05-06,90.6,90.6,0.048063915458437446
78,Pantalon,3,67.0,2024-07-11,201.0,201.0,0.10663186542103673
96,Montre,18,93.29,2024-10-31,1679.22,1679.22,0.8908376171756881
20,Robe,8,85.6,invalid_date,684.8,684.8,0.36329105194192013
47,Pull,14,82.94,2025-05-09,1161.1599999999999,1161.1599999999999,0.6160032679218458
42,Pull,8,29.08,17/01/2024,232.64,232.64,0.12341710035597006
80,Chemise,9,48.81,22/08/2023,439.29,439.29,0.2330463291582449
41,Robe,19,84.5,2023-09-05,1605.5,1605.5,0.8517286563854451
6,Chemise,15,13.49,invalid_date,202.35,202.35,0.10734804959177503
14,Chaussures,12,97.68,30/03/2025,1172.16,1172.16,0.6218388426463802
68,Robe,10,82.09,2025-01-10,820.9000000000001,820.9000000000001,0.43549302648820426
1,Pull,4,64.63,01/07/2024,258.52,258.52,0.13714661616241997
86,Pantalon,7,13.81,invalid_date,96.67,96.67,0.05128409169279413
94,Robe,18,83.38,invalid_date,1500.84,1500.84,0.7962058154154664
52,Robe,6,24.46,14/03/2024,146.76,146.76,0.07785717696115099
2,Chaussures,2,33.36,14/05/2025,66.72,66.72,0.03539541323826652
61,Pull,10,84.59,2025-03-18,845.9000000000001,845.9000000000001,0.44875569631669143
57,Pantalon,9,18.03,2025-02-04,162.27,162.27,0.08608533732274443
15,Cravate,7,99.87,invalid_date,699.09,699.09,0.37087199401588344
64,Chaussures,6,48.6,2025-03-08,291.6,291.6,0.1546957808794742
97,Montre,18,79.52,invalid_date,1431.36,1431.36,0.759346203428135
85,Chemise,3,75.01,2024-05-16,225.03000000000003,225.03000000000003,0.1193799436601786
66,Robe,7,44.11,2025-04-20,308.77,308.77,0.16380458251767915
29,Cravate,15,48.26,26/09/2024,723.9,723.9,0.3840338675536741
34,Lunettes de soleil,17,86.89,10/11/2024,1477.13,1477.13,0.7836274993501293
85,Montre,6,78.74,11/03/2025,472.43999999999994,472.43999999999994,0.2506326293508188
55,Pantalon,3,92.76,2023-09-09,278.28000000000003,278.28000000000003,0.14762943039485624
22,Pull,19,37.88,invalid_date,719.72,719.72,0.38181634915835105
95,Chaussures,17,20.03,2025-04-16,340.51,340.51,0.18064286813192645
57,Lunettes de soleil,15,69.8,15/08/2024,1047.0,1047.0,0.555440612417042
46,Chemise,13,82.11,invalid_date,1067.43,1067.43,0.5662788662008817
50,Cravate,7,34.01,23/08/2024,238.07,238.07,0.12629775224271747
14,Robe,17,32.84,2024-01-30,558.2800000000001,558.2800000000001,0.2961713324739124
12,Lunettes de soleil,14,34.1,invalid_date,477.40000000000003,477.40000000000003,0.2532639430447907
84,Cravate,12,56.93,invalid_date,683.16,683.16,0.3624210208011714
27,Chaussures,10,74.05,2025-01-16,740.5,740.5,0.3928402803197895
19,Pantalon,1,11.34,2024-08-18,11.34,11.34,0.006015947034201773
71,Pantalon,16,43.54,20/01/2024,696.64,696.64,0.36957225237269165
91,Pantalon,14,98.81,04/11/2024,1383.3400000000001,1383.3400000000001,0.7338712672215769
67,Chemise,8,48.69,13/11/2024,389.52,389.52,0.20664300606369265
73,Montre,18,72.39,2023-09-14,1303.02,1303.02,0.6912609615966133
63,Montre,6,70.39,09/01/2024,422.34000000000003,422.34000000000003,0.22405423901453062
38,Lunettes de soleil,12,18.69,16/02/2025,224.28000000000003,224.28000000000003,0.11898206356532398
38,Pull,10,38.71,2024-12-23,387.1,387.1,0.20535917962429512
91,Pull,8,51.34,2025-02-04,410.72,410.72,0.2178897500782498
92,Pull,14,82.97,invalid_date,1161.58,1161.58,0.6162260807749643
12,Chaussures,19,82.43,2023-07-11,1566.17,1566.17,0.8308638242112691
94,Pull,9,40.37,01/08/2023,363.33,363.33,0.19274903315136951
70,Cravate,11,38.61,25/08/2023,424.71,424.71,0.22531154011427118
50,Chemise,14,25.14,03/10/2023,351.96000000000004,351.96000000000004,0.1867171709133736
11,Chaussures,20,70.02,14/10/2023,1400.3999999999999,1400.3999999999999,0.7429217131125364
65,Robe,14,74.5,invalid_date,1043.0,1043.0,0.5533185852444841
51,Montre,9,40.08,2025-02-03,360.71999999999997,360.71999999999997,0.19136441042127544
33,Chaussures,12,69.53,2024-11-26,834.36,834.36,0.44263364792386173
29,Robe,7,16.28,invalid_date,113.96000000000001,113.96000000000001,0.06045655414617585
6,Lunettes de soleil,16,42.06,invalid_date,672.96,672.96,0.35700985151114867
98,Lunettes de soleil,10,11.26,2024-02-13,112.6,112.6,0.059735064907506144
50,Lunettes de soleil,9,65.46,15/06/2024,589.14,589.14,0.3125427721101969
30,Cravate,9,81.76,24/01/2024,735.84,735.84,0.39036811866375953
1,Chemise,4,65.35,invalid_date,261.4,261.4,0.1386744757266617
30,Chaussures,13,15.32,14/12/2024,199.16,199.16,0.10565573292166007
36,Montre,19,75.8,2023-07-04,1440.2,1440.2,0.764035883479488
54,Pull,12,73.1,invalid_date,877.1999999999999,877.1999999999999,0.46536055894195727
46,Chaussures,14,31.93,2025-05-17,447.02,447.02,0.2371471466692131
33,Lunettes de soleil,4,41.0,21/11/2023,164.0,164.0,0.08700311407487574
59,Montre,7,65.0,2024-08-24,455.0,455.0,0.24138059087846622
99,Pantalon,14,99.16,15/12/2024,1388.24,1388.24,0.7364707505079603
80,Lunettes de soleil,8,61.07,2023-06-12,488.56,488.56,0.2591843988562274
78,Lunettes de soleil,4,21.65,16/07/2024,86.6,86.6,0.0459418882858795
18,Lunettes de soleil,17,17.96,05/10/2023,305.32,305.32,0.16197433408134793
70,Cravate,5,94.69,03/07/2024,473.45,473.45,0.25116844121188975
100,Pull,17,74.66,29/02/2024,1269.22,1269.22,0.6733298319884987
4,Chaussures,10,75.65,31/07/2024,756.5,756.5,0.4013283890100213
24,Pull,9,20.79,invalid_date,187.10999999999999,187.10999999999999,0.09926312606432926
39,Cravate,19,79.23,09/09/2024,1505.3700000000001,1505.3700000000001,0.7986090111883885
68,Pantalon,10,91.76,2025-01-22,917.6,917.6,0.4867930333847926
21,Cravate,8,11.27,2024-03-21,90.16,90.16,0.04783049246945607
51,Pantalon,7,90.37,invalid_date,632.59,632.59,0.3355932922721076
19,Cravate,19,98.39,2025-05-06,1869.41,1869.41,0.991734704162887
32,Montre,17,16.0,invalid_date,272.0,272.0,0.14429784773394025
1,Chaussures,1,49.11,invalid_date,49.11,49.11,0.026053188611080167
6,Chaussures,3,41.68,07/04/2024,125.03999999999999,125.03999999999999,0.06633456941416135
58,Montre,18,47.78,23/02/2025,860.04,860.04,0.45625706237168373
48,Pull,3,51.64,31/01/2025,154.92000000000002,154.92000000000002,0.08218611239316921
56,Robe,8,23.35,invalid_date,186.8,186.8,0.09909866895845602
34,Pull,8,17.62,invalid_date,140.96,140.96,0.07478023756094199
71,Pull,1,36.7,2023-10-16,36.7,36.7,0.019469599308219145
53,Chaussures,18,13.01,2024-11-13,234.18,234.18,0.12423408081740489
36,Lunettes de soleil,15,23.77,invalid_date,356.55,356.55,0.1891521970938838
58,Pull,14,27.91,invalid_date,390.74,390.74,0.20729022435132285
14,Cravate,4,30.67,2024-02-26,122.68,122.68,0.06508257338235217
33,Lunettes de soleil,9,76.07,invalid_date,684.6299999999999,684.6299999999999,0.3632008657870864
30,Robe,16,31.15,05/08/2023,498.4,498.4,0.2644045857007199
34,Lunettes de soleil,3,93.31,16/01/2024,279.93,279.93,0.14850476660353637
34,Lunettes de soleil,17,91.79,invalid_date,1560.43,1560.43,0.8278187152186485
56,Cravate,9,68.12,invalid_date,613.08,613.08,0.3252431047379562
25,Cravate,14,68.92,2024-11-05,964.88,964.88,0.5118753945644274
35,Cravate,14,15.78,2025-05-18,220.92,220.92,0.11719956074037528
64,Lunettes de soleil,6,19.36,invalid_date,116.16,116.16,0.06162366909108272
56,Chaussures,5,20.06,invalid_date,100.3,100.3,0.05320983135189047
53,Chemise,15,73.56,2025-02-07,1103.4,1103.4,0.5853611955501091
13,Chemise,7,39.4,21/07/2023,275.8,275.8,0.1463137735478703
32,Cravate,11,94.18,24/04/2024,1035.98,1035.98,0.5495944275566449
62,Lunettes de soleil,18,55.51,invalid_date,999.18,999.18,0.5300717775691118
40,Pantalon,1,27.09,2025-05-01,27.09,27.09,0.014371429026148682
29,Chaussures,2,41.44,28/07/2023,82.88,82.88,0.043968403015400614
42,Montre,4,40.91,invalid_date,163.64,163.64,0.08681213162934552
67,Pantalon,15,60.07,invalid_date,901.05,901.05,0.47801314595833405
20,Montre,16,14.25,2024-08-08,228.0,228.0,0.12095554883580285
54,Chemise,1,48.5,2024-10-31,48.5,48.5,0.02572957946726508
52,Pull,4,44.0,2025-04-03,176.0,176.0,0.09336919559254957
55,Chaussures,4,21.24,21/12/2024,84.96,84.96,0.04507185714513075
43,Pull,5,73.14,2025-01-27,365.7,365.7,0.1940063342511101
95,Cravate,8,95.19,invalid_date,761.52,761.52,0.40399153311158154
42,Montre,8,50.38,10/01/2024,403.04,403.04,0.21381545790693854
26,Cravate,16,48.44,invalid_date,775.04,775.04,0.41116398495482737
61,Chaussures,16,41.74,19/02/2025,667.84,667.84,0.35429365673027446
42,Cravate,18,53.44,2024-06-26,961.92,961.92,0.5103050944567346
82,Pull,15,95.09,invalid_date,1426.3500000000001,1426.3500000000001,0.7566883643945063
14,Pantalon,4,67.44,invalid_date,269.76,269.76,0.1431095125173078
65,Pull,15,79.78,invalid_date,1196.7,1196.7,0.6348574793500231
96,Pantalon,3,80.85,2023-11-25,242.54999999999998,242.54999999999998,0.12867442267598236
93,Lunettes de soleil,11,41.79,invalid_date,459.69,459.69,0.2438686677382904
49,Robe,5,69.4,12/06/2023,347.0,347.0,0.1840858572194017
49,Lunettes de soleil,1,36.55,15/03/2025,36.55,36.55,0.01939002328924822
5,Cravate,13,22.18,2023-11-12,288.34,288.34,0.15296632873383945
34,Chaussures,10,48.0,17/12/2023,480.0,480.0,0.25464326070695337
64,Lunettes de soleil,5,61.27,invalid_date,306.35,306.35,0.16252075607828162
99,Chemise,4,63.16,invalid_date,252.64,252.64,0.13402723621875978
33,Pantalon,5,64.45,14/01/2024,322.25,322.25,0.17095581408919944
45,Robe,16,93.14,invalid_date,1490.24,1490.24,0.790582443408188
35,Pull,20,85.62,2023-12-03,1712.4,1712.4,0.9084398325720563
11,Montre,17,26.7,17/08/2024,453.9,453.9,0.24079703340601277
89,Cravate,4,19.71,2023-08-09,78.84,78.84,0.041825155571117094
79,Montre,2,68.89,2023-08-13,137.78,137.78,0.07309322595875842
91,Robe,15,99.89,invalid_date,1498.35,1498.35,0.7948848535005492
17,Chaussures,7,68.32,2025-04-14,478.23999999999995,478.23999999999995,0.25370956875102785
49,Chemise,3,61.75,30/03/2024,185.25,185.25,0.09827638342908981
59,Robe,1,49.45,invalid_date,49.45,49.45,0.026233560920747596
7,Lunettes de soleil,11,45.37,2025-04-25,499.07,499.07,0.2647600252521234
38,Lunettes de soleil,9,65.1,invalid_date,585.9,585.9,0.31082393010042497
67,Pantalon,3,46.56,2023-11-10,139.68,139.68,0.07410118886572344
75,Pantalon,8,83.84,invalid_date,670.72,670.72,0.3558215162945162
29,Cravate,9,75.07,10/01/2024,675.6299999999999,675.6299999999999,0.358426304648831
82,Robe,16,16.16,28/07/2024,258.56,258.56,0.13716783643414557
19,Chemise,2,34.03,2023-08-29,68.06,68.06,0.03610629234107343
91,Pantalon,14,92.86,invalid_date,1300.04,1300.04,0.6896800513530577
2,Robe,2,99.32,invalid_date,198.64,198.64,0.10537986938922754
90,Pull,3,71.8,invalid_date,215.39999999999998,215.39999999999998,0.11427116324224532
53,Chemise,2,60.54,23/01/2025,121.08,121.08,0.06423376251332899
12,Chemise,2,28.05,invalid_date,56.1,56.1,0.029761431095125176
22,Chaussures,18,77.45,22/05/2024,1394.1000000000001,1394.1000000000001,0.7395795203157578
35,Robe,10,69.62,invalid_date,696.2,696.2,0.3693388293837103
52,Robe,16,78.98,invalid_date,1263.68,1263.68,0.6703908243545059
3,Lunettes de soleil,8,41.26,2023-10-09,330.08,330.08,0.1751096822794816
40,Lunettes de soleil,1,54.7,invalid_date,54.7,54.7,0.029018721584729897
94,Lunettes de soleil,2,28.24,invalid_date,56.48,56.48,0.02996302367651818
60,Pull,17,66.58,2024-06-05,1131.86,1131.86,0.6004594188828588
57,Pull,5,73.56,16/01/2025,367.8,367.8,0.19512039851670304
38,Pantalon,5,37.13,invalid_date,185.65,185.65,0.09848858614634562
65,Lunettes de soleil,17,38.81,invalid_date,659.77,659.77,0.35001246690963883
44,Pull,15,22.31,02/01/2024,334.65,334.65,0.17753409832412906
5,Pull,2,12.46,2024-11-05,24.92,24.92,0.013220229285035997
39,Pull,14,44.5,invalid_date,623.0,623.0,0.3305057321258999
27,Chaussures,10,87.37,31/08/2023,873.7,873.7,0.46350378516596913
27,Lunettes de soleil,10,42.23,2023-11-02,422.29999999999995,422.29999999999995,0.224033018742805
33,Chaussures,9,62.8,2024-09-30,565.1999999999999,565.1999999999999,0.29984243948243755
17,Montre,14,15.37,2024-09-17,215.17999999999998,215.17999999999998,0.11415445174775463
84,Montre,9,97.18,13/08/2023,874.6200000000001,874.6200000000001,0.4639918514156575
75,Chaussures,4,77.22,2024-04-09,308.88,308.88,0.1638629382649245
70,Pantalon,4,84.0,16/09/2024,336.0,336.0,0.17825028249486738
6,Chemise,13,60.85,invalid_date,791.0500000000001,791.0500000000001,0.4196573987129906
80,Chemise,6,62.63,2023-08-12,375.78000000000003,375.78000000000003,0.19935384272595613
45,Cravate,5,10.59,2023-10-23,52.95,52.95,0.028090334696735796
27,Cravate,15,27.35,18/11/2024,410.25,410.25,0.21764041188547423
44,Pantalon,12,45.6,invalid_date,547.2,547.2,0.2902933172059269
30,Pantalon,10,75.03,24/10/2024,750.3,750.3,0.3980392468925565
8,Cravate,4,15.65,14/09/2023,62.6,62.6,0.03320972525053184
89,Robe,17,97.37,invalid_date,1655.29,1655.29,0.8781425896158601
33,Pull,14,63.16,03/10/2024,884.24,884.24,0.4690953267656593
65,Pull,15,84.66,30/03/2025,1269.8999999999999,1269.8999999999999,0.6736905766078335
95,Robe,8,69.26,25/02/2024,554.08,554.08,0.29394320394272655
83,Chemise,2,81.36,12/04/2025,162.72,162.72,0.0863240653796572
12,Robe,11,63.46,invalid_date,698.0600000000001,698.0600000000001,0.3703255720189498
6,Chemise,14,14.49,invalid_date,202.86,202.86,0.10761860805627618
29,Cravate,8,58.49,2024-04-25,467.92,467.92,0.2482347386458284
21,Robe,16,17.82,03/04/2025,285.12,285.12,0.1512580968599303
1,Chemise,9,93.86,02/08/2023,844.74,844.74,0.4481403084366496
57,Lunettes de soleil,13,70.6,2024-03-27,917.8,917.8,0.48689913474342045
47,Montre,19,47.98,13/04/2024,911.6199999999999,911.6199999999999,0.48362060276181834
12,Montre,12,25.52,2023-08-17,306.24,306.24,0.16246240033103626
91,Robe,2,98.13,invalid_date,196.26,196.26,0.10411726322155555
100,Chemise,16,62.34,16/01/2025,997.44,997.44,0.5291486957490491
12,Pull,16,94.45,05/05/2025,1511.2,1511.2,0.8017018657923916
53,Lunettes de soleil,1,30.51,26/06/2023,30.51,30.51,0.016185762258685725
61,Cravate,11,37.42,invalid_date,411.62,411.62,0.2183672061920753
52,Chaussures,12,52.71,invalid_date,632.52,632.52,0.3355561567965878
79,Pantalon,13,54.15,03/08/2023,703.9499999999999,703.9499999999999,0.3734502570305413
90,Pull,19,79.54,16/10/2024,1511.2600000000002,1511.2600000000002,0.80173369619998
90,Cravate,19,70.71,28/10/2024,1343.4899999999998,1343.4899999999998,0.7127305715149682
72,Robe,13,83.06,invalid_date,1079.78,1079.78,0.5728306250961545
87,Pantalon,9,47.29,31/05/2023,425.61,425.61,0.22578899622809673
66,Pantalon,7,94.55,2025-03-11,661.85,661.85,0.35111592103936895
58,Chemise,4,56.58,27/09/2023,226.32,226.32,0.12006429742332851
83,Montre,13,16.77,30/06/2023,218.01,218.01,0.11565578597233939
52,Lunettes de soleil,3,57.73,2024-07-22,173.19,173.19,0.09187847150382762
21,Pull,5,62.7,2024-08-09,313.5,313.5,0.16631387964922892
52,Lunettes de soleil,3,96.47,21/07/2024,289.40999999999997,289.40999999999997,0.1535339710024987
33,Cravate,2,64.28,invalid_date,128.56,128.56,0.06820195332601235
21,Chaussures,6,39.66,2024-05-23,237.95999999999998,237.95999999999998,0.12623939649547214
11,Montre,13,66.52,14/10/2024,864.76,864.76,0.4587610544353021
7,Montre,10,67.81,30/06/2024,678.1,678.1,0.3597366564278856
45,Chemise,5,78.18,2024-03-07,390.90000000000003,390.90000000000003,0.20737510543822518
35,Lunettes de soleil,13,64.2,22/03/2024,834.6,834.6,0.4427609695542152
7,Montre,16,14.55,invalid_date,232.8,232.8,0.1235019814428724
36,Chemise,19,64.38,2023-10-17,1223.2199999999998,1223.2199999999998,0.6489265195040822
77,Chaussures,1,63.95,invalid_date,63.95,63.95,0.03392590942127015
93,Robe,17,18.27,16/06/2024,310.59,310.59,0.164770104881193
92,Robe,6,87.72,invalid_date,526.3199999999999,526.3199999999999,0.2792163353651744
26,Pantalon,9,36.03,invalid_date,324.27,324.27,0.1720274378113412
47,Cravate,19,77.41,invalid_date,1470.79,1470.79,0.7802640862816249
28,Lunettes de soleil,10,39.76,09/12/2024,397.59999999999997,397.59999999999997,0.2109295009522597
31,Chemise,8,49.06,29/08/2023,392.48,392.48,0.20821330617138556
2,Pantalon,1,62.8,2024-10-13,62.8,62.8,0.03331582660915973
8,Cravate,13,42.84,invalid_date,556.9200000000001,556.9200000000001,0.2954498432352427
37,Pull,5,21.19,invalid_date,105.95,105.95,0.05620719473312857
10,Pull,19,16.11,invalid_date,306.09,306.09,0.16238282431206533
93,Pantalon,9,38.44,20/01/2024,345.96,345.96,0.18353413015453665
28,Lunettes de soleil,7,59.84,05/11/2024,418.88,418.88,0.222218685510268
94,Pantalon,11,87.0,invalid_date,957.0,957.0,0.5076950010344883
73,Lunettes de soleil,6,26.74,27/01/2024,160.44,160.44,0.08511450989129916
22,Montre,10,65.98,2025-01-01,659.8000000000001,659.8000000000001,0.350028382113433
93,Pull,13,22.3,2024-07-31,289.90000000000003,289.90000000000003,0.15379391933113706
74,Pantalon,5,15.87,2024-08-16,79.35,79.35,0.04209571403561823
85,Pantalon,12,90.05,invalid_date,1080.6,1080.6,0.5732656406665287
56,Pantalon,4,21.19,invalid_date,84.76,84.76,0.04496575578650285
51,Robe,19,70.61,14/04/2024,1341.59,1341.59,0.7117226086080033
41,Montre,13,19.4,invalid_date,252.2,252.2,0.13379381322977843
13,Chaussures,2,69.45,09/08/2023,138.9,138.9,0.07368739356707464
50,Chemise,8,98.87,invalid_date,790.96,790.96,0.419609653101608
26,Lunettes de soleil,16,85.55,invalid_date,1368.8,1368.8,0.7261576984493288
9,Montre,18,22.93,2024-09-15,412.74,412.74,0.21896137380039155
82,Cravate,11,89.94,2023-10-19,989.3399999999999,989.3399999999999,0.5248515907246193
47,Pull,19,69.07,invalid_date,1312.33,1312.33,0.6961999798407419
55,Robe,19,28.13,invalid_date,534.47,534.47,0.2835399657292612
52,Chaussures,17,69.15,02/02/2024,1175.5500000000002,1175.5500000000002,0.6236372606751232
12,Pantalon,9,36.54,23/11/2024,328.86,328.86,0.17446246399185145
58,Chemise,19,30.52,2025-05-12,579.88,579.88,0.3076302792057253
70,Chemise,17,51.65,17/10/2024,878.05,878.05,0.46581148971612585
20,Cravate,12,26.24,invalid_date,314.88,314.88,0.16704597902376142
98,Pantalon,10,83.39,invalid_date,833.9,833.9,0.44238961479901756
7,Montre,12,53.29,invalid_date,639.48,639.48,0.33924848407683866
39,Montre,18,74.25,16/07/2024,1336.5,1336.5,0.7090223290309233
6,Robe,8,19.42,05/01/2024,155.36,155.36,0.08241953538215059
9,Robe,17,68.63,2023-11-07,1166.71,1166.71,0.61894758062377
55,Robe,16,48.88,invalid_date,782.08,782.08,0.4148987527785294
46,Montre,8,64.13,invalid_date,513.04,513.04,0.272171205152282
32,Lunettes de soleil,16,95.21,29/01/2025,1523.36,1523.36,0.8081528283969677
22,Pantalon,10,46.4,invalid_date,464.0,464.0,0.2461551520167216
63,Montre,6,63.23,invalid_date,379.38,379.38,0.20126366718125827
52,Robe,13,97.4,2024-06-20,1266.2,1266.2,0.6717277014732175
18,Pull,15,35.01,2024-01-25,525.15,525.15,0.2785956424172012
17,Chaussures,13,34.18,2023-07-24,444.34,444.34,0.23572538846359928
15,Lunettes de soleil,5,44.16,invalid_date,220.79999999999998,220.79999999999998,0.11713589992519854
88,Montre,6,23.39,2025-02-14,140.34,140.34,0.07445132334919549
11,Robe,4,39.21,28/07/2023,156.84,156.84,0.08320468543599702
83,Pull,18,70.78,2024-04-02,1274.04,1274.04,0.6758868747314309
13,Lunettes de soleil,9,28.52,2024-01-22,256.68,256.68,0.13617048366304332
18,Chaussures,6,99.21,invalid_date,595.26,595.26,0.31578947368421056
17,Chaussures,13,43.52,invalid_date,565.76,565.76,0.3001395232865957
4,Pantalon,19,86.53,2023-05-26,1644.07,1644.07,0.872190303396835
33,Robe,5,27.32,13/09/2024,136.6,136.6,0.07246722794285382
24,Lunettes de soleil,19,81.69,2023-07-10,1552.11,1552.11,0.8234048986997279
59,Lunettes de soleil,19,39.16,invalid_date,744.04,744.04,0.3947182743675033
87,Pantalon,2,72.52,2024-01-06,145.04,145.04,0.07694470527695108
79,Lunettes de soleil,16,60.03,28/01/2025,960.48,960.48,0.5095411646746137
94,Robe,11,21.86,08/12/2024,240.45999999999998,240.45999999999998,0.12756566347832085
24,Pull,13,77.38,24/07/2024,1005.9399999999999,1005.9399999999999,0.5336580034907348
4,Lunettes de soleil,14,29.66,invalid_date,415.24,415.24,0.22028764078324026
75,Chemise,15,27.52,17/12/2024,412.8,412.8,0.2189932042079799
7,Robe,13,90.43,2024-06-23,1175.5900000000001,1175.5900000000001,0.6236584809468487
68,Lunettes de soleil,17,46.38,invalid_date,788.46,788.46,0.4182833861187593
10,Chemise,5,20.98,12/09/2024,104.9,104.9,0.055650162600332106
41,Cravate,2,72.58,19/08/2023,145.16,145.16,0.07700836609212781
13,Pantalon,16,28.3,invalid_date,452.8,452.8,0.24021347593355935
86,Chemise,4,36.04,2025-03-13,144.16,144.16,0.07647785929898833
49,Robe,17,64.47,invalid_date,1095.99,1095.99,0.5814301402129455
45,Robe,17,73.9,22/10/2023,1256.3000000000002,1256.3000000000002,0.6664756842211367
47,Chemise,5,52.88,2024-06-02,264.40000000000003,264.40000000000003,0.14026599610608018
25,Pantalon,3,22.6,invalid_date,67.80000000000001,67.80000000000001,0.035968360574857174
48,Pantalon,14,41.23,21/01/2025,577.2199999999999,577.2199999999999,0.3062191311359742
31,Chemise,3,86.63,25/02/2024,259.89,259.89,0.13787341046902107
5,Chaussures,2,12.03,01/05/2024,24.06,24.06,0.012763993442936038
64,Chemise,13,51.82,invalid_date,673.66,673.66,0.3573812062663463
48,Montre,18,45.92,13/04/2025,826.5600000000001,826.5600000000001,0.4384956949373738
48,Montre,2,29.95,invalid_date,59.9,59.9,0.03177735690905523
69,Chaussures,11,14.15,2025-04-24,155.65,155.65,0.08257338235216104
78,Lunettes de soleil,8,49.84,10/12/2023,398.72,398.72,0.21152366856057594
38,Chaussures,12,12.38,15/04/2025,148.56,148.56,0.07881208918880207
49,Cravate,10,45.66,13/01/2025,456.59999999999997,456.59999999999997,0.2422294017474894
97,Chemise,19,85.51,invalid_date,1624.69,1624.69,0.8619090817457918
54,Pantalon,13,19.56,invalid_date,254.27999999999997,254.27999999999997,0.13489726735950855
61,Lunettes de soleil,2,80.54,invalid_date,161.08,161.08,0.08545403423890845
12,Pull,10,46.61,invalid_date,466.1,466.1,0.24726921628231455
80,Chemise,4,16.23,08/10/2023,64.92,64.92,0.034440501010615444
78,Robe,4,12.6,24/02/2024,50.4,50.4,0.026737542374230105
44,Cravate,11,88.63,2023-06-22,974.93,974.93,0.5172069878354792
90,Lunettes de soleil,8,48.8,29/10/2023,390.4,390.4,0.2071098520416554
77,Cravate,15,65.25,29/06/2024,978.75,978.75,0.5192335237852721
88,Robe,17,21.79,24/02/2025,370.43,370.43,0.19651563138265987
56,Pull,18,23.26,28/02/2025,418.68,418.68,0.2221125841516401
84,Chemise,9,30.72,2024-08-06,276.48,276.48,0.14667451816720517
38,Montre,11,79.68,10/10/2024,876.48,876.48,0.46497859405089687
52,Montre,1,46.63,invalid_date,46.63,46.63,0.024737531764094243
18,Lunettes de soleil,4,16.06,2025-04-18,64.24,64.24,0.034079756391280594
50,Robe,15,28.41,09/03/2024,426.15,426.15,0.22607546989639205
51,Pantalon,10,58.68,2024-09-02,586.8,586.8,0.31130138621425046
68,Chemise,6,15.51,06/04/2025,93.06,93.06,0.04936896216956059
88,Cravate,16,57.02,16/11/2023,912.32,912.32,0.48399195751701607
78,Cravate,10,49.23,31/08/2024,492.29999999999995,492.29999999999995,0.26116849426256905
57,Pull,12,69.76,16/10/2024,837.1200000000001,837.1200000000001,0.4440978466729268
45,Lunettes de soleil,7,59.09,18/08/2023,413.63,413.63,0.21943352484628567
41,Pantalon,13,24.81,invalid_date,322.53,322.53,0.17110435599127846
1,Montre,3,67.5,invalid_date,202.5,202.5,0.10742762561074595
65,Lunettes de soleil,4,10.78,2023-06-21,43.12,43.12,0.022875452920174646
12,Pantalon,15,98.57,17/02/2025,1478.55,1478.55,0.7843808189963873
2,Chemise,10,46.12,invalid_date,461.2,461.2,0.24466973299593103
41,Robe,10,42.23,invalid_date,422.29999999999995,422.29999999999995,0.224033018742805
87,Cravate,16,88.89,07/01/2025,1422.24,1422.24,0.7545079814747029
64,Chaussures,6,82.98,2023-12-13,497.88,497.88,0.26412872216828737
15,Lunettes de soleil,19,75.67,2024-05-08,1437.73,1437.73,0.7627255317004336
41,Lunettes de soleil,17,44.33,2024-08-22,753.61,753.61,0.3997952243778482
12,Chemise,2,63.04,2023-11-16,126.08,126.08,0.06688629647902643
43,Chaussures,12,65.95,2023-10-26,791.4000000000001,791.4000000000001,0.41984307609058946
51,Chaussures,11,56.07,2024-06-16,616.77,616.77,0.3272006748046409
90,Robe,15,88.46,2023-09-15,1326.8999999999999,1326.8999999999999,0.7039294638167842
12,Chemise,19,70.69,2023-08-04,1343.11,1343.11,0.7125289789335753
13,Pantalon,15,70.05,29/08/2024,1050.75,1050.75,0.5574300128913151
22,Chaussures,11,51.74,13/07/2024,569.14,569.14,0.3019326362474072
25,Pull,19,38.54,invalid_date,732.26,732.26,0.3884689043443202
63,Pull,13,66.38,2023-11-16,862.9399999999999,862.9399999999999,0.4577955320717882
76,Cravate,1,75.8,30/05/2024,75.8,75.8,0.04021241491997305
24,Chaussures,5,46.73,2024-08-21,233.64999999999998,233.64999999999998,0.12395291221704094
39,Robe,18,32.89,27/04/2025,592.02,592.02,0.3140706316744386
60,Chaussures,14,14.6,28/06/2024,204.4,204.4,0.10843558851771098
19,Cravate,13,34.73,10/12/2023,451.48999999999995,451.48999999999995,0.2395185120345466
64,Chemise,6,74.1,2024-11-19,444.59999999999997,444.59999999999997,0.23586332022981554
87,Lunettes de soleil,9,95.29,06/09/2023,857.61,857.61,0.4549679308643548
39,Pull,1,59.77,2024-12-22,59.77,59.77,0.031708391025947094
21,Pantalon,17,71.68,invalid_date,1218.5600000000002,1218.5600000000002,0.6464543578480524
7,Montre,5,24.11,23/09/2023,120.55,120.55,0.06395259391296507
17,Lunettes de soleil,15,60.44,2025-05-10,906.5999999999999,906.5999999999999,0.48095745866025813
52,Montre,15,31.4,12/12/2023,471.0,471.0,0.249868699568698
10,Cravate,16,50.18,2023-06-20,802.88,802.88,0.4259332940758307
97,Pull,2,35.27,2024-03-15,70.54,70.54,0.03742194918805936
70,Robe,4,18.87,09/09/2024,75.48,75.48,0.040042652746168424
31,Chaussures,1,71.66,invalid_date,71.66,71.66,0.03801611679637558
39,Lunettes de soleil,17,54.48,invalid_date,926.16,926.16,0.49133417153406655
100,Pantalon,14,66.36,28/07/2023,929.04,929.04,0.49286203109830823
78,Cravate,8,72.11,27/06/2024,576.88,576.88,0.3060387588263068
74,Chaussures,15,80.15,invalid_date,1202.25,1202.25,0.6378017920519473
83,Chaussures,10,44.5,14/07/2023,445.0,445.0,0.23607552294707138
9,Chemise,18,43.94,invalid_date,790.92,790.92,0.4195884328298824
13,Pantalon,11,21.55,28/12/2023,237.05,237.05,0.12575663531371523
62,Pantalon,10,17.88,24/02/2025,178.79999999999998,178.79999999999998,0.09485461461334013
77,Chemise,7,19.58,2024-02-15,137.06,137.06,0.07271126106769799
72,Pantalon,2,57.3,02/04/2024,114.6,114.6,0.06079607849378512
68,Chaussures,14,78.72,12/08/2023,1102.08,1102.08,0.5846609265831649
50,Cravate,16,47.94,2024-06-15,767.04,767.04,0.4069199306097115
57,Robe,2,39.04,invalid_date,78.08,78.08,0.04142197040833108
30,Pantalon,7,79.84,2024-12-30,558.88,558.88,0.29648963654979604
81,Robe,18,60.62,invalid_date,1091.1599999999999,1091.1599999999999,0.5788677924020817
14,Montre,10,39.58,12/06/2023,395.79999999999995,395.79999999999995,0.2099745887246086
55,Montre,1,20.89,invalid_date,20.89,20.89,0.011082286908683868
38,Chemise,14,37.51,invalid_date,525.14,525.14,0.2785903373492698
22,Robe,2,82.97,09/11/2023,165.94,165.94,0.08803229725356634
18,Robe,16,71.59,invalid_date,1145.44,1145.44,0.6076637011336932
23,Lunettes de soleil,17,12.44,26/10/2024,211.48,211.48,0.11219157661313854
50,Pull,12,77.44,2024-12-23,929.28,929.28,0.49298935272866173
85,Lunettes de soleil,12,61.29,2024-07-25,735.48,735.48,0.3901771362182293
70,Cravate,12,85.22,20/02/2024,1022.64,1022.64,0.5425174669361642
87,Chaussures,10,34.31,2024-08-09,343.1,343.1,0.18201688072615774
37,Chaussures,6,44.53,invalid_date,267.18,267.18,0.14174080499100794
63,Robe,6,28.4,09/09/2024,170.39999999999998,170.39999999999998,0.09039835755096844
66,Lunettes de soleil,15,30.94,invalid_date,464.1,464.1,0.24620820269603555
10,Pull,15,68.66,2024-01-22,1029.8999999999999,1029.8999999999999,0.5463689462543567
17,Lunettes de soleil,9,66.82,2024-02-26,601.3799999999999,601.3799999999999,0.31903617525822414
34,Montre,1,16.31,09/12/2023,16.31,16.31,0.00865256579610502
76,Pull,1,34.86,invalid_date,34.86,34.86,0.01849346680884249
30,Cravate,1,61.68,26/12/2024,61.68,61.68,0.032721659000843506
31,Lunettes de soleil,4,16.04,28/03/2024,64.16,64.16,0.03403731584782943
40,Montre,17,59.66,07/08/2024,1014.2199999999999,1014.2199999999999,0.5380505997379297
39,Pantalon,4,92.68,invalid_date,370.72,370.72,0.19666947835267035
98,Pantalon,11,75.91,invalid_date,835.01,835.01,0.4429784773394024
9,Robe,17,33.32,03/09/2023,566.44,566.44,0.3005002679059306
20,Chemise,8,94.14,2023-09-25,753.12,753.12,0.39953527604920985
95,Pantalon,8,47.57,2025-03-03,380.56,380.56,0.20188966519716287
25,Robe,10,77.12,26/02/2024,771.2,771.2,0.4091268388691718
81,Montre,1,24.21,2024-07-28,24.21,24.21,0.012843569461906961
45,Pantalon,6,91.09,24/08/2023,546.54,546.54,0.2899431827224548
49,Chemise,6,25.62,03/09/2024,153.72,153.72,0.08154950424140182
52,Pull,1,33.15,invalid_date,33.15,33.15,0.017586300192573966
27,Lunettes de soleil,13,47.5,2024-01-29,617.5,617.5,0.32758794476363273
76,Chemise,17,81.94,invalid_date,1392.98,1392.98,0.7389853527074415
97,Montre,18,77.83,2024-05-03,1400.94,1400.94,0.7432081867808319
10,Pantalon,5,96.13,23/09/2024,480.65,480.65,0.254988090122494
22,Pull,15,88.54,invalid_date,1328.1000000000001,1328.1000000000001,0.7045660719685517
22,Chemise,15,57.42,2024-08-08,861.3000000000001,861.3000000000001,0.4569255009310395
61,Pull,3,42.17,2023-11-15,126.51,126.51,0.0671144144000764
73,Cravate,7,15.49,22/12/2024,108.43,108.43,0.05752285158011449
84,Chemise,19,34.71,2025-03-15,659.49,659.49,0.34986392500755975
35,Lunettes de soleil,13,54.62,invalid_date,710.06,710.06,0.37669165353662354
44,Lunettes de soleil,16,95.57,invalid_date,1529.12,1529.12,0.8112085475254511
35,Chemise,10,36.86,30/04/2024,368.6,368.6,0.19554480395121462
76,Montre,14,97.68,invalid_date,1367.52,1367.52,0.7254786497541101
45,Pull,11,56.64,28/08/2024,623.04,623.04,0.3305269523976255
25,Lunettes de soleil,2,51.41,invalid_date,102.82,102.82,0.054546708470601966
17,Chaussures,11,34.31,2023-11-14,377.41,377.41,0.2002185687987735
30,Pull,16,65.09,29/04/2024,1041.44,1041.44,0.5524909946471865
100,Lunettes de soleil,17,45.08,invalid_date,766.36,766.36,0.40655918599037666
17,Chaussures,19,16.8,20/05/2024,319.2,319.2,0.169337768370124
21,Lunettes de soleil,2,62.7,28/05/2023,125.4,125.4,0.06652555185969157
88,Pull,6,19.84,invalid_date,119.03999999999999,119.03999999999999,0.06315152865532443
3,Pull,3,59.74,invalid_date,179.22,179.22,0.09507742746645872
100,Robe,17,33.42,2023-11-17,568.14,568.14,0.3014021294542677
62,Lunettes de soleil,13,67.29,2023-09-25,874.7700000000001,874.7700000000001,0.4640714274346284
65,Lunettes de soleil,16,14.02,23/02/2025,224.32,224.32,0.11900328383704954
11,Robe,1,23.55,2023-10-10,23.55,23.55,0.0124934349784349
60,Lunettes de soleil,17,44.9,17/09/2023,763.3,763.3,0.4049358352033698
39,Montre,14,85.93,26/04/2024,1203.02,1203.02,0.6382102822826647
17,Lunettes de soleil,4,46.62,14/12/2023,186.48,186.48,0.09892890678465138
26,Chaussures,5,14.67,2025-01-13,73.35,73.35,0.03891267327678131
24,Chemise,5,25.19,2024-12-14,125.95,125.95,0.0668173305959183
86,Lunettes de soleil,6,48.44,2024-05-23,290.64,290.64,0.15418649435806026
98,Chaussures,11,52.39,19/01/2024,576.29,576.29,0.3057257598183545
64,Chaussures,18,45.81,23/10/2023,824.58,824.58,0.43744529148695754
67,Chemise,16,78.66,31/07/2023,1258.56,1258.56,0.6676746295736318
20,Chemise,5,14.77,invalid_date,73.85,73.85,0.03917792667335105
82,Pantalon,10,92.66,2024-06-03,926.5999999999999,926.5999999999999,0.4915675945230479
11,Pull,5,81.07,15/02/2024,405.34999999999997,405.34999999999997,0.2150409285990907
42,Chemise,1,22.89,invalid_date,22.89,22.89,0.012143300494962839
3,Robe,7,76.54,invalid_date,535.7800000000001,535.7800000000001,0.28423492962827396
45,Chaussures,10,40.09,2024-04-25,400.90000000000003,400.90000000000003,0.21268017336962003
36,Pull,5,14.54,05/06/2024,72.69999999999999,72.69999999999999,0.03856784386124064
45,Chemise,7,45.98,2024-02-16,321.85999999999996,321.85999999999996,0.170748916439875
17,Pull,2,53.87,19/05/2024,107.74,107.74,0.05715680189284824
17,Pull,5,94.72,invalid_date,473.6,473.6,0.2512480172308607
56,Cravate,7,88.66,17/06/2024,620.62,620.62,0.3292431259582279
55,Chemise,18,77.06,2025-03-17,1387.08,1387.08,0.7358553626279185
28,Chaussures,10,58.42,2023-11-23,584.2,584.2,0.30992206855208787
52,Chaussures,8,57.16,02/07/2024,457.28,457.28,0.24259014636682424
20,Montre,4,75.16,invalid_date,300.64,300.64,0.15949156228945513
37,Chemise,9,75.44,invalid_date,678.96,678.96,0.3601928922699856
78,Pull,16,99.72,2023-06-25,1595.52,1595.52,0.846434198589913
52,Chemise,1,32.48,2025-05-06,32.48,32.48,0.01723086064117051
47,Pantalon,13,84.35,invalid_date,1096.55,1096.55,0.5817272240171035
56,Chemise,14,86.48,invalid_date,1210.72,1210.72,0.6422951845898388
34,Montre,18,88.6,2024-07-05,1594.8,1594.8,0.8460522336988526
93,Montre,8,36.05,2025-02-28,288.4,288.4,0.1529981591414278
34,Pantalon,6,78.01,2023-07-21,468.06000000000006,468.06000000000006,0.24830900959686794
49,Robe,10,52.06,10/08/2023,520.6,520.6,0.27618183650841654
40,Cravate,16,49.97,2024-03-28,799.52,799.52,0.424150791250882
21,Cravate,11,53.2,2025-04-21,585.2,585.2,0.31045257534522736
94,Cravate,7,88.88,29/01/2024,622.16,622.16,0.3300601064196627
65,Montre,14,93.62,invalid_date,1310.68,1310.68,0.6953246436320618
90,Pantalon,19,34.61,2024-07-18,657.59,657.59,0.3488559621005948
1,Pull,7,52.99,10/05/2025,370.93,370.93,0.19678088477922961
81,Pull,7,86.23,invalid_date,603.61,603.61,0.3202192054069253
92,Cravate,5,52.79,invalid_date,263.95,263.95,0.14002726804916737
70,Lunettes de soleil,8,42.59,invalid_date,340.72,340.72,0.18075427455848575
84,Chemise,7,45.05,2024-06-27,315.34999999999997,315.34999999999997,0.16729531721653695
7,Pantalon,15,70.05,2025-04-12,1050.75,1050.75,0.5574300128913151
72,Robe,16,22.54,2023-11-10,360.64,360.64,0.1913219698778243
1,Chemise,13,68.96,invalid_date,896.4799999999999,896.4799999999999,0.47558872991368656
10,Chaussures,17,46.96,invalid_date,798.32,798.32,0.42351418309911465
94,Lunettes de soleil,16,53.26,invalid_date,852.16,852.16,0.4520766688417446
19,Cravate,15,74.17,invalid_date,1112.55,1112.55,0.5902153327073354
27,Chemise,16,42.53,2025-02-07,680.48,680.48,0.3609992625955576
96,Chaussures,12,66.55,invalid_date,798.5999999999999,798.5999999999999,0.4236627250011936
60,Cravate,19,81.94,04/07/2023,1556.86,1556.86,0.8259248059671405
1,Pantalon,12,59.54,invalid_date,714.48,714.48,0.3790364935623001
61,Robe,16,49.32,09/04/2024,789.12,789.12,0.41863352060223136
21,Pull,7,71.6,2023-08-23,501.19999999999993,501.19999999999993,0.2658900047215105
17,Chaussures,9,28.72,2024-12-22,258.48,258.48,0.13712539589069442
5,Chaussures,15,10.25,invalid_date,153.75,153.75,0.081565419445196
27,Pantalon,19,86.45,invalid_date,1642.55,1642.55,0.871383933071263
95,Pull,11,39.63,15/06/2024,435.93,435.93,0.23126382633329623
21,Chaussures,13,39.19,26/08/2024,509.46999999999997,509.46999999999997,0.27027729590077404
87,Cravate,12,79.44,2024-04-21,953.28,953.28,0.5057215157640094
60,Montre,14,46.17,2023-09-13,646.38,646.38,0.3429089809495011
57,Robe,11,97.24,25/07/2023,1069.6399999999999,1069.6399999999999,0.56745128621372
78,Pantalon,3,80.67,2024-03-26,242.01,242.01,0.12838794900768705
14,Pull,14,92.11,2024-07-30,1289.54,1289.54,0.684109730025093
74,Montre,8,14.6,invalid_date,116.8,116.8,0.061963193438691985
15,Chemise,9,76.94,11/08/2024,692.46,692.46,0.3673547339773686
88,Cravate,7,67.77,30/09/2023,474.39,474.39,0.25166711759744087
66,Cravate,8,23.38,invalid_date,187.04,187.04,0.0992259905888095
37,Montre,4,26.95,2025-02-15,107.8,107.8,0.05718863230043661
20,Chemise,1,52.32,2024-12-30,52.32,52.32,0.027756115417057917
15,Chaussures,3,93.45,invalid_date,280.35,280.35,0.14872757945665496
57,Lunettes de soleil,3,25.2,invalid_date,75.6,75.6,0.040106313561345155
30,Chaussures,10,61.89,16/08/2023,618.9,618.9,0.328330654274028
87,Lunettes de soleil,1,72.49,05/05/2024,72.49,72.49,0.03845643743468135
83,Montre,1,96.06,2023-11-02,96.06,96.06,0.050960482548979044
5,Chemise,4,32.76,01/07/2024,131.04,131.04,0.06951761017299828
56,Montre,18,44.42,invalid_date,799.5600000000001,799.5600000000001,0.42417201152260764
84,Cravate,14,62.93,invalid_date,881.02,881.02,0.4673870948917501
6,Chemise,18,89.6,invalid_date,1612.8,1612.8,0.8556013559753634
60,Montre,15,50.86,09/03/2024,762.9,762.9,0.40472363248611404
52,Cravate,3,96.4,04/07/2024,289.20000000000005,289.20000000000005,0.15342256457593945
41,Montre,9,99.46,2023-07-02,895.14,895.14,0.4748778508108797
79,Montre,19,59.12,28/05/2023,1123.28,1123.28,0.5959076705977221
67,Chemise,16,56.14,18/03/2024,898.24,898.24,0.4765224218696121
9,Chaussures,9,90.78,05/06/2023,817.02,817.02,0.433434660130823
8,Montre,16,35.65,07/08/2023,570.4,570.4,0.3026010748067629
38,Lunettes de soleil,2,39.48,2024-06-01,78.96,78.96,0.041888816386293826
72,Pull,1,11.06,2023-07-29,11.06,11.06,0.005867405132122718
45,Robe,11,71.75,invalid_date,789.25,789.25,0.4187024864853395
88,Chaussures,1,99.08,invalid_date,99.08,99.08,0.05256261306426029
87,Robe,13,15.05,13/01/2024,195.65,195.65,0.10379365407774048
37,Pantalon,7,49.67,invalid_date,347.69,347.69,0.18445190690666796
47,Pantalon,18,31.45,20/12/2024,566.1,566.1,0.30031989559626315
36,Chemise,17,89.63,invalid_date,1523.71,1523.71,0.8083385057745666
31,Robe,1,74.98,27/04/2025,74.98,74.98,0.03977739934959868
85,Pantalon,19,32.61,invalid_date,619.59,619.59,0.3286967039612943
53,Lunettes de soleil,3,73.11,2024-08-15,219.32999999999998,219.32999999999998,0.1163560549392835
39,Cravate,5,85.33,invalid_date,426.65,426.65,0.2263407232929618
17,Pantalon,5,54.24,invalid_date,271.2,271.2,0.14387344229942867
91,Robe,2,24.87,15/05/2025,49.74,49.74,0.026387407890758045
69,Robe,9,39.55,2023-07-13,355.95,355.95,0.1888338930180001
94,Chaussures,5,92.62,12/10/2023,463.1,463.1,0.24567769590289606
8,Chaussures,15,77.09,2025-04-15,1156.3500000000001,1156.3500000000001,0.613451530246845
91,Chaussures,16,78.7,17/09/2023,1259.2,1259.2,0.6680141539212411
86,Lunettes de soleil,10,28.65,invalid_date,286.5,286.5,0.1519901962344628
92,Chemise,5,61.83,invalid_date,309.15,309.15,0.16400617509907214
8,Montre,18,79.74,04/01/2025,1435.32,1435.32,0.7614470103289673
84,Pull,2,64.92,2023-06-02,129.84,129.84,0.06888100202123089
26,Chemise,10,37.02,2024-10-24,370.20000000000005,370.20000000000005,0.19639361482023782
94,Pull,14,25.51,2024-12-30,357.14000000000004,357.14000000000004,0.18946519610183613
26,Lunettes de soleil,5,61.83,2025-05-11,309.15,309.15,0.16400617509907214
92,Pantalon,16,42.55,12/09/2024,680.8,680.8,0.3611690247693622
53,Chemise,2,95.93,2024-05-11,191.86,191.86,0.10178303333174184
24,Montre,5,20.44,2023-06-23,102.2,102.2,0.05421779425885549
4,Chaussures,12,55.23,2024-12-13,662.76,662.76,0.3515986822211259
47,Chaussures,4,70.85,invalid_date,283.4,283.4,0.15034562517573039
20,Pantalon,13,38.88,2024-12-18,505.44000000000005,505.44000000000005,0.2681393535244219
7,Robe,19,92.02,2024-07-02,1748.3799999999999,1748.3799999999999,0.9275274669892148
5,Pull,16,20.08,2025-01-22,321.28,321.28,0.1704412224998541
29,Pantalon,16,20.59,2023-06-23,329.44,329.44,0.17477015793187234
85,Montre,19,18.35,27/06/2024,348.65000000000003,348.65000000000003,0.1849611934280819
36,Chemise,11,32.47,03/01/2024,357.16999999999996,357.16999999999996,0.18948111130563028
28,Robe,10,80.05,09/09/2024,800.5,800.5,0.4246706879081587
26,Lunettes de soleil,2,45.97,12/11/2024,91.94,91.94,0.04877479456124436
46,Lunettes de soleil,16,10.8,2024-05-08,172.8,172.8,0.09167157385450322
12,Lunettes de soleil,13,23.7,2025-04-17,308.09999999999997,308.09999999999997,0.1634491429662757
13,Montre,15,45.15,invalid_date,677.25,677.25,0.359285725653717
43,Pull,17,37.44,invalid_date,636.48,636.48,0.3376569636974202
17,Montre,7,97.05,27/02/2024,679.35,679.35,0.36039978991931
87,Pantalon,16,59.57,25/01/2025,953.12,953.12,0.5056366346771071
87,Robe,2,53.89,2023-09-11,107.78,107.78,0.05717802216457382
72,Montre,9,52.19,invalid_date,469.71,469.71,0.24918434580554805
70,Lunettes de soleil,7,59.44,invalid_date,416.08,416.08,0.22073326648947741
97,Chemise,9,53.87,invalid_date,484.83,484.83,0.2572056085178171
5,Montre,16,61.36,26/05/2023,981.76,981.76,0.520830349232622
22,Pull,19,31.74,20/07/2024,603.06,603.06,0.3199274266706985
97,Robe,15,75.92,14/09/2024,1138.8,1138.8,0.6041411360272468
52,Montre,8,40.83,20/02/2025,326.64,326.64,0.17328473891108176
52,Chaussures,15,51.88,19/06/2023,778.2,778.2,0.4128403864211482
87,Chaussures,4,19.18,2023-09-11,76.72,76.72,0.04070048116966138
35,Cravate,4,71.45,invalid_date,285.8,285.8,0.15161884147926516
48,Montre,13,51.72,28/12/2023,672.36,672.36,0.35669154743526493
78,Montre,18,70.99,invalid_date,1277.82,1277.82,0.6778921904094982
19,Pull,14,90.15,2024-01-27,1262.1000000000001,1262.1000000000001,0.6695526236213456
5,Chemise,3,11.41,invalid_date,34.230000000000004,34.230000000000004,0.018159247529164615
9,Lunettes de soleil,13,81.73,2024-04-07,1062.49,1062.49,0.5636581626427727
66,Lunettes de soleil,6,33.87,10/08/2024,203.21999999999997,203.21999999999997,0.10780959050180637
80,Robe,8,91.42,2024-06-10,731.36,731.36,0.38799144823049464
60,Pantalon,19,92.01,29/01/2025,1748.19,1748.19,0.9274266706985185
55,Pantalon,3,28.68,2024-02-17,86.03999999999999,86.03999999999999,0.04564480448172139
73,Robe,1,94.93,30/05/2023,94.93,94.93,0.05036100987273143
20,Montre,5,44.98,2024-11-07,224.89999999999998,224.89999999999998,0.11931097777707043
89,Chaussures,18,74.87,2023-12-05,1347.66,1347.66,0.7149427848423601
15,Pantalon,11,84.83,invalid_date,933.13,933.13,0.49503180388224877
11,Pantalon,13,87.71,invalid_date,1140.23,1140.23,0.6048997607414364
45,Chaussures,2,77.91,11/09/2024,155.82,155.82,0.08266356850699474
42,Robe,12,50.74,29/10/2024,608.88,608.88,0.3230149762067704
8,Pull,15,66.33,26/07/2024,994.9499999999999,994.9499999999999,0.5278277338341317
3,Pull,12,35.93,2023-10-30,431.15999999999997,431.15999999999997,0.22873330893002086
20,Chaussures,14,10.6,2024-11-04,148.4,148.4,0.07872720810189976
15,Lunettes de soleil,18,30.53,15/06/2023,549.54,549.54,0.29153470310187324
24,Chaussures,13,39.42,20/08/2023,512.46,512.46,0.2718635112122611
28,Lunettes de soleil,11,19.25,28/07/2023,211.75,211.75,0.1123348134472862
75,Chemise,19,29.29,2025-01-31,556.51,556.51,0.29523233545005545
2,Robe,9,98.25,16/10/2023,884.25,884.25,0.4691006318335907
71,Chaussures,3,80.87,2024-01-18,242.61,242.61,0.12870625308357075
72,Robe,15,48.4,invalid_date,726.0,726.0,0.385147931819267
96,Cravate,9,52.65,30/06/2024,473.84999999999997,473.84999999999997,0.2513806439291455
34,Chaussures,2,54.97,2023-06-25,109.94,109.94,0.05832391683775511
63,Robe,20,62.63,invalid_date,1252.6000000000001,1252.6000000000001,0.6645128090865206
4,Chemise,2,30.15,19/01/2024,60.3,60.3,0.03198955962631102
59,Chaussures,9,70.72,24/01/2024,636.48,636.48,0.3376569636974202
36,Robe,17,25.14,2024-02-18,427.38,427.38,0.2267279932519536
41,Pantalon,1,46.69,invalid_date,46.69,46.69,0.02476936217168261
3,Pull,13,46.89,25/11/2024,609.57,609.57,0.3233810258940366
62,Pantalon,13,94.73,2025-02-08,1231.49,1231.49,0.6533138106833459
93,Lunettes de soleil,18,61.3,2023-07-22,1103.3999999999999,1103.3999999999999,0.585361195550109
17,Montre,4,65.29,2024-11-03,261.16,261.16,0.13854715409630824
34,Chemise,19,49.62,15/11/2024,942.78,942.78,0.5001511944360448
3,Robe,3,69.79,invalid_date,209.37,209.37,0.11107220727961423
5,Lunettes de soleil,18,82.7,08/05/2024,1488.6000000000001,1488.6000000000001,0.7897124122674393
68,Pantalon,15,61.0,14/06/2023,915.0,915.0,0.48541371572262987
97,Montre,12,62.82,18/02/2024,753.84,753.84,0.3999172409402703
11,Chaussures,10,78.82,01/10/2023,788.1999999999999,788.1999999999999,0.418145454352543
36,Chaussures,12,55.4,07/01/2025,664.8,664.8,0.35268091607913044
20,Pull,7,40.92,2024-03-15,286.44,286.44,0.15195836582687444
68,Pull,13,98.16,23/08/2024,1276.08,1276.08,0.6769691085894355
48,Cravate,12,19.72,2024-08-26,236.64,236.64,0.125539127528528
6,Chaussures,8,12.97,invalid_date,103.76,103.76,0.05504538485615309
20,Lunettes de soleil,6,33.19,invalid_date,199.14,199.14,0.10564512278579728
99,Lunettes de soleil,8,96.29,invalid_date,770.32,770.32,0.408659992891209
69,Chaussures,17,31.87,09/02/2025,541.79,541.79,0.2874232754550422
50,Montre,3,30.39,2023-05-22,91.17,91.17,0.04836630433052696
33,Robe,4,36.27,invalid_date,145.08,145.08,0.07696592554867666
17,Cravate,4,10.14,invalid_date,40.56,40.56,0.02151735552973756
99,Lunettes de soleil,7,40.04,09/07/2023,280.28,280.28,0.14869044398113518
28,Pull,18,14.03,invalid_date,252.54,252.54,0.13397418553944584
10,Chemise,12,90.74,2024-07-29,1088.8799999999999,1088.8799999999999,0.5776582369137236
52,Montre,6,84.08,15/08/2023,504.48,504.48,0.267630067003008
58,Cravate,19,13.94,2025-03-20,264.86,264.86,0.14051002923092432
79,Chaussures,9,81.99,15/06/2023,737.91,737.91,0.39146626772555826
55,Lunettes de soleil,7,25.8,21/04/2024,180.6,180.6,0.09580952684099121
88,Lunettes de soleil,11,48.36,24/04/2024,531.96,531.96,0.2822083936784811
60,Pantalon,15,17.49,02/11/2023,262.34999999999997,262.34999999999997,0.13917845718014418
59,Cravate,16,42.85,invalid_date,685.6,685.6,0.36371545737643174
75,Robe,4,73.56,2024-03-15,294.24,294.24,0.15609631881336242
88,Pull,15,22.84,10/04/2024,342.6,342.6,0.181751627329588
32,Cravate,19,78.76,03/09/2023,1496.44,1496.44,0.7938715855256527
62,Pull,14,51.89,2023-05-31,726.46,726.46,0.38539196494411115
13,Montre,19,97.11,2023-09-05,1845.09,1845.09,0.9788327789537346
78,Cravate,5,53.93,10/05/2024,269.65,269.65,0.14305115677006244
19,Chaussures,9,46.96,invalid_date,422.64,422.64,0.22421339105247245
3,Pantalon,1,49.24,invalid_date,49.24,49.24,0.026122154494188303
84,Pantalon,12,83.31,invalid_date,999.72,999.72,0.5303582512374072
31,Montre,16,41.65,19/07/2024,666.4,666.4,0.3535297269481536
61,Cravate,7,59.59,20/06/2023,417.13,417.13,0.22129029862227387
